Año,Mes,Grupo,Subgrupo,Indicador_grup,Indicador
2006,Enero,Alimentos y No alimentos,Alimentos,60.91,Índice
2006,Febrero,Alimentos y No alimentos,Alimentos,62.03,Índice
2006,Febrero,Alimentos y No alimentos,Alimentos,1.84,Variación mensual
2006,Marzo,Alimentos y No alimentos,Alimentos,63.1,Índice
2006,Marzo,Alimentos y No alimentos,Alimentos,1.73,Variación mensual
2006,Abril,Alimentos y No alimentos,Alimentos,62.45,Índice
2006,Abril,Alimentos y No alimentos,Alimentos,-1.03,Variación mensual
2006,Mayo,Alimentos y No alimentos,Alimentos,61.91,Índice
2006,Mayo,Alimentos y No alimentos,Alimentos,-0.88,Variación mensual
2006,Junio,Alimentos y No alimentos,Alimentos,61.36,Índice
2006,Junio,Alimentos y No alimentos,Alimentos,-0.88,Variación mensual
2006,Julio,Alimentos y No alimentos,Alimentos,61.24,Índice
2006,Julio,Alimentos y No alimentos,Alimentos,-0.2,Variación mensual
2006,Agosto,Alimentos y No alimentos,Alimentos,61.61,Índice
2006,Agosto,Alimentos y No alimentos,Alimentos,0.61,Variación mensual
2006,Septiembre,Alimentos y No alimentos,Alimentos,62.21,Índice
2006,Septiembre,Alimentos y No alimentos,Alimentos,0.97,Variación mensual
2006,Octubre,Alimentos y No alimentos,Alimentos,62.66,Índice
2006,Octubre,Alimentos y No alimentos,Alimentos,0.73,Variación mensual
2006,Noviembre,Alimentos y No alimentos,Alimentos,63.08,Índice
2006,Noviembre,Alimentos y No alimentos,Alimentos,0.67,Variación mensual
2006,Diciembre,Alimentos y No alimentos,Alimentos,62.86,Índice
2006,Diciembre,Alimentos y No alimentos,Alimentos,-0.34,Variación mensual
2007,Enero,Alimentos y No alimentos,Alimentos,63.1,Índice
2007,Enero,Alimentos y No alimentos,Alimentos,0.37,Variación mensual
2007,Enero,Alimentos y No alimentos,Alimentos,3.6,Variación anual
2007,Enero,Alimentos y No alimentos,Alimentos,0.37,Variación acumulada
2007,Febrero,Alimentos y No alimentos,Alimentos,63.16,Índice
2007,Febrero,Alimentos y No alimentos,Alimentos,0.11,Variación mensual
2007,Febrero,Alimentos y No alimentos,Alimentos,1.83,Variación anual
2007,Febrero,Alimentos y No alimentos,Alimentos,0.48,Variación acumulada
2007,Marzo,Alimentos y No alimentos,Alimentos,63.39,Índice
2007,Marzo,Alimentos y No alimentos,Alimentos,0.35,Variación mensual
2007,Marzo,Alimentos y No alimentos,Alimentos,0.45,Variación anual
2007,Marzo,Alimentos y No alimentos,Alimentos,0.83,Variación acumulada
2007,Abril,Alimentos y No alimentos,Alimentos,63.2,Índice
2007,Abril,Alimentos y No alimentos,Alimentos,-0.3,Variación mensual
2007,Abril,Alimentos y No alimentos,Alimentos,1.19,Variación anual
2007,Abril,Alimentos y No alimentos,Alimentos,0.53,Variación acumulada
2007,Mayo,Alimentos y No alimentos,Alimentos,62.93,Índice
2007,Mayo,Alimentos y No alimentos,Alimentos,-0.42,Variación mensual
2007,Mayo,Alimentos y No alimentos,Alimentos,1.65,Variación anual
2007,Mayo,Alimentos y No alimentos,Alimentos,0.1,Variación acumulada
2007,Junio,Alimentos y No alimentos,Alimentos,63.71,Índice
2007,Junio,Alimentos y No alimentos,Alimentos,1.24,Variación mensual
2007,Junio,Alimentos y No alimentos,Alimentos,3.83,Variación anual
2007,Junio,Alimentos y No alimentos,Alimentos,1.35,Variación acumulada
2007,Julio,Alimentos y No alimentos,Alimentos,64.53,Índice
2007,Julio,Alimentos y No alimentos,Alimentos,1.29,Variación mensual
2007,Julio,Alimentos y No alimentos,Alimentos,5.38,Variación anual
2007,Julio,Alimentos y No alimentos,Alimentos,2.65,Variación acumulada
2007,Agosto,Alimentos y No alimentos,Alimentos,64.17,Índice
2007,Agosto,Alimentos y No alimentos,Alimentos,-0.55,Variación mensual
2007,Agosto,Alimentos y No alimentos,Alimentos,4.17,Variación anual
2007,Agosto,Alimentos y No alimentos,Alimentos,2.09,Variación acumulada
2007,Septiembre,Alimentos y No alimentos,Alimentos,64.65,Índice
2007,Septiembre,Alimentos y No alimentos,Alimentos,0.75,Variación mensual
2007,Septiembre,Alimentos y No alimentos,Alimentos,3.94,Variación anual
2007,Septiembre,Alimentos y No alimentos,Alimentos,2.85,Variación acumulada
2007,Octubre,Alimentos y No alimentos,Alimentos,64.83,Índice
2007,Octubre,Alimentos y No alimentos,Alimentos,0.28,Variación mensual
2007,Octubre,Alimentos y No alimentos,Alimentos,3.47,Variación anual
2007,Octubre,Alimentos y No alimentos,Alimentos,3.13,Variación acumulada
2007,Noviembre,Alimentos y No alimentos,Alimentos,65.53,Índice
2007,Noviembre,Alimentos y No alimentos,Alimentos,1.08,Variación mensual
2007,Noviembre,Alimentos y No alimentos,Alimentos,3.89,Variación anual
2007,Noviembre,Alimentos y No alimentos,Alimentos,4.25,Variación acumulada
2007,Diciembre,Alimentos y No alimentos,Alimentos,66.46,Índice
2007,Diciembre,Alimentos y No alimentos,Alimentos,1.41,Variación mensual
2007,Diciembre,Alimentos y No alimentos,Alimentos,5.72,Variación anual
2007,Diciembre,Alimentos y No alimentos,Alimentos,5.72,Variación acumulada
2008,Enero,Alimentos y No alimentos,Alimentos,67.95,Índice
2008,Enero,Alimentos y No alimentos,Alimentos,2.24,Variación mensual
2008,Enero,Alimentos y No alimentos,Alimentos,7.69,Variación anual
2008,Enero,Alimentos y No alimentos,Alimentos,2.24,Variación acumulada
2008,Febrero,Alimentos y No alimentos,Alimentos,69.31,Índice
2008,Febrero,Alimentos y No alimentos,Alimentos,2.01,Variación mensual
2008,Febrero,Alimentos y No alimentos,Alimentos,9.73,Variación anual
2008,Febrero,Alimentos y No alimentos,Alimentos,4.29,Variación acumulada
2008,Marzo,Alimentos y No alimentos,Alimentos,71.82,Índice
2008,Marzo,Alimentos y No alimentos,Alimentos,3.63,Variación mensual
2008,Marzo,Alimentos y No alimentos,Alimentos,13.31,Variación anual
2008,Marzo,Alimentos y No alimentos,Alimentos,8.08,Variación acumulada
2008,Abril,Alimentos y No alimentos,Alimentos,73.92,Índice
2008,Abril,Alimentos y No alimentos,Alimentos,2.92,Variación mensual
2008,Abril,Alimentos y No alimentos,Alimentos,16.97,Variación anual
2008,Abril,Alimentos y No alimentos,Alimentos,11.23,Variación acumulada
2008,Mayo,Alimentos y No alimentos,Alimentos,75.57,Índice
2008,Mayo,Alimentos y No alimentos,Alimentos,2.23,Variación mensual
2008,Mayo,Alimentos y No alimentos,Alimentos,20.09,Variación anual
2008,Mayo,Alimentos y No alimentos,Alimentos,13.71,Variación acumulada
2008,Junio,Alimentos y No alimentos,Alimentos,76.66,Índice
2008,Junio,Alimentos y No alimentos,Alimentos,1.44,Variación mensual
2008,Junio,Alimentos y No alimentos,Alimentos,20.32,Variación anual
2008,Junio,Alimentos y No alimentos,Alimentos,15.34,Variación acumulada
2008,Julio,Alimentos y No alimentos,Alimentos,77.24,Índice
2008,Julio,Alimentos y No alimentos,Alimentos,0.76,Variación mensual
2008,Julio,Alimentos y No alimentos,Alimentos,19.69,Variación anual
2008,Julio,Alimentos y No alimentos,Alimentos,16.22,Variación acumulada
2008,Agosto,Alimentos y No alimentos,Alimentos,77.36,Índice
2008,Agosto,Alimentos y No alimentos,Alimentos,0.16,Variación mensual
2008,Agosto,Alimentos y No alimentos,Alimentos,20.55,Variación anual
2008,Agosto,Alimentos y No alimentos,Alimentos,16.41,Variación acumulada
2008,Septiembre,Alimentos y No alimentos,Alimentos,77.9,Índice
2008,Septiembre,Alimentos y No alimentos,Alimentos,0.7,Variación mensual
2008,Septiembre,Alimentos y No alimentos,Alimentos,20.5,Variación anual
2008,Septiembre,Alimentos y No alimentos,Alimentos,17.22,Variación acumulada
2008,Octubre,Alimentos y No alimentos,Alimentos,77.62,Índice
2008,Octubre,Alimentos y No alimentos,Alimentos,-0.37,Variación mensual
2008,Octubre,Alimentos y No alimentos,Alimentos,19.72,Variación anual
2008,Octubre,Alimentos y No alimentos,Alimentos,16.79,Variación acumulada
2008,Noviembre,Alimentos y No alimentos,Alimentos,76.82,Índice
2008,Noviembre,Alimentos y No alimentos,Alimentos,-1.03,Variación mensual
2008,Noviembre,Alimentos y No alimentos,Alimentos,17.22,Variación anual
2008,Noviembre,Alimentos y No alimentos,Alimentos,15.59,Variación acumulada
2008,Diciembre,Alimentos y No alimentos,Alimentos,77.09,Índice
2008,Diciembre,Alimentos y No alimentos,Alimentos,0.35,Variación mensual
2008,Diciembre,Alimentos y No alimentos,Alimentos,16,Variación anual
2008,Diciembre,Alimentos y No alimentos,Alimentos,16,Variación acumulada
2009,Enero,Alimentos y No alimentos,Alimentos,78.09,Índice
2009,Enero,Alimentos y No alimentos,Alimentos,1.3,Variación mensual
2009,Enero,Alimentos y No alimentos,Alimentos,14.93,Variación anual
2009,Enero,Alimentos y No alimentos,Alimentos,1.3,Variación acumulada
2009,Febrero,Alimentos y No alimentos,Alimentos,78.37,Índice
2009,Febrero,Alimentos y No alimentos,Alimentos,0.36,Variación mensual
2009,Febrero,Alimentos y No alimentos,Alimentos,13.07,Variación anual
2009,Febrero,Alimentos y No alimentos,Alimentos,1.66,Variación acumulada
2009,Marzo,Alimentos y No alimentos,Alimentos,79.73,Índice
2009,Marzo,Alimentos y No alimentos,Alimentos,1.74,Variación mensual
2009,Marzo,Alimentos y No alimentos,Alimentos,11.01,Variación anual
2009,Marzo,Alimentos y No alimentos,Alimentos,3.43,Variación acumulada
2009,Abril,Alimentos y No alimentos,Alimentos,80.5,Índice
2009,Abril,Alimentos y No alimentos,Alimentos,0.96,Variación mensual
2009,Abril,Alimentos y No alimentos,Alimentos,8.9,Variación anual
2009,Abril,Alimentos y No alimentos,Alimentos,4.42,Variación acumulada
2009,Mayo,Alimentos y No alimentos,Alimentos,80.21,Índice
2009,Mayo,Alimentos y No alimentos,Alimentos,-0.36,Variación mensual
2009,Mayo,Alimentos y No alimentos,Alimentos,6.14,Variación anual
2009,Mayo,Alimentos y No alimentos,Alimentos,4.05,Variación acumulada
2009,Junio,Alimentos y No alimentos,Alimentos,79.74,Índice
2009,Junio,Alimentos y No alimentos,Alimentos,-0.59,Variación mensual
2009,Junio,Alimentos y No alimentos,Alimentos,4.03,Variación anual
2009,Junio,Alimentos y No alimentos,Alimentos,3.44,Variación acumulada
2009,Julio,Alimentos y No alimentos,Alimentos,79.47,Índice
2009,Julio,Alimentos y No alimentos,Alimentos,-0.34,Variación mensual
2009,Julio,Alimentos y No alimentos,Alimentos,2.89,Variación anual
2009,Julio,Alimentos y No alimentos,Alimentos,3.09,Variación acumulada
2009,Agosto,Alimentos y No alimentos,Alimentos,78.49,Índice
2009,Agosto,Alimentos y No alimentos,Alimentos,-1.24,Variación mensual
2009,Agosto,Alimentos y No alimentos,Alimentos,1.46,Variación anual
2009,Agosto,Alimentos y No alimentos,Alimentos,1.81,Variación acumulada
2009,Septiembre,Alimentos y No alimentos,Alimentos,78.5,Índice
2009,Septiembre,Alimentos y No alimentos,Alimentos,0.01,Variación mensual
2009,Septiembre,Alimentos y No alimentos,Alimentos,0.76,Variación anual
2009,Septiembre,Alimentos y No alimentos,Alimentos,1.82,Variación acumulada
2009,Octubre,Alimentos y No alimentos,Alimentos,79.11,Índice
2009,Octubre,Alimentos y No alimentos,Alimentos,0.78,Variación mensual
2009,Octubre,Alimentos y No alimentos,Alimentos,1.92,Variación anual
2009,Octubre,Alimentos y No alimentos,Alimentos,2.62,Variación acumulada
2009,Noviembre,Alimentos y No alimentos,Alimentos,79.41,Índice
2009,Noviembre,Alimentos y No alimentos,Alimentos,0.38,Variación mensual
2009,Noviembre,Alimentos y No alimentos,Alimentos,3.37,Variación anual
2009,Noviembre,Alimentos y No alimentos,Alimentos,3.01,Variación acumulada
2009,Diciembre,Alimentos y No alimentos,Alimentos,80.55,Índice
2009,Diciembre,Alimentos y No alimentos,Alimentos,1.44,Variación mensual
2009,Diciembre,Alimentos y No alimentos,Alimentos,4.49,Variación anual
2009,Diciembre,Alimentos y No alimentos,Alimentos,4.49,Variación acumulada
2010,Enero,Alimentos y No alimentos,Alimentos,81.94,Índice
2010,Enero,Alimentos y No alimentos,Alimentos,1.72,Variación mensual
2010,Enero,Alimentos y No alimentos,Alimentos,4.93,Variación anual
2010,Enero,Alimentos y No alimentos,Alimentos,1.72,Variación acumulada
2010,Febrero,Alimentos y No alimentos,Alimentos,82.39,Índice
2010,Febrero,Alimentos y No alimentos,Alimentos,0.55,Variación mensual
2010,Febrero,Alimentos y No alimentos,Alimentos,5.14,Variación anual
2010,Febrero,Alimentos y No alimentos,Alimentos,2.28,Variación acumulada
2010,Marzo,Alimentos y No alimentos,Alimentos,82.77,Índice
2010,Marzo,Alimentos y No alimentos,Alimentos,0.45,Variación mensual
2010,Marzo,Alimentos y No alimentos,Alimentos,3.8,Variación anual
2010,Marzo,Alimentos y No alimentos,Alimentos,2.75,Variación acumulada
2010,Abril,Alimentos y No alimentos,Alimentos,83.47,Índice
2010,Abril,Alimentos y No alimentos,Alimentos,0.85,Variación mensual
2010,Abril,Alimentos y No alimentos,Alimentos,3.69,Variación anual
2010,Abril,Alimentos y No alimentos,Alimentos,3.62,Variación acumulada
2010,Mayo,Alimentos y No alimentos,Alimentos,83.33,Índice
2010,Mayo,Alimentos y No alimentos,Alimentos,-0.17,Variación mensual
2010,Mayo,Alimentos y No alimentos,Alimentos,3.88,Variación anual
2010,Mayo,Alimentos y No alimentos,Alimentos,3.45,Variación acumulada
2010,Junio,Alimentos y No alimentos,Alimentos,83.05,Índice
2010,Junio,Alimentos y No alimentos,Alimentos,-0.34,Variación mensual
2010,Junio,Alimentos y No alimentos,Alimentos,4.15,Variación anual
2010,Junio,Alimentos y No alimentos,Alimentos,3.1,Variación acumulada
2010,Julio,Alimentos y No alimentos,Alimentos,82.93,Índice
2010,Julio,Alimentos y No alimentos,Alimentos,-0.14,Variación mensual
2010,Julio,Alimentos y No alimentos,Alimentos,4.35,Variación anual
2010,Julio,Alimentos y No alimentos,Alimentos,2.95,Variación acumulada
2010,Agosto,Alimentos y No alimentos,Alimentos,83.03,Índice
2010,Agosto,Alimentos y No alimentos,Alimentos,0.11,Variación mensual
2010,Agosto,Alimentos y No alimentos,Alimentos,5.78,Variación anual
2010,Agosto,Alimentos y No alimentos,Alimentos,3.07,Variación acumulada
2010,Septiembre,Alimentos y No alimentos,Alimentos,82.9,Índice
2010,Septiembre,Alimentos y No alimentos,Alimentos,-0.15,Variación mensual
2010,Septiembre,Alimentos y No alimentos,Alimentos,5.61,Variación anual
2010,Septiembre,Alimentos y No alimentos,Alimentos,2.91,Variación acumulada
2010,Octubre,Alimentos y No alimentos,Alimentos,83.38,Índice
2010,Octubre,Alimentos y No alimentos,Alimentos,0.58,Variación mensual
2010,Octubre,Alimentos y No alimentos,Alimentos,5.4,Variación anual
2010,Octubre,Alimentos y No alimentos,Alimentos,3.51,Variación acumulada
2010,Noviembre,Alimentos y No alimentos,Alimentos,84.06,Índice
2010,Noviembre,Alimentos y No alimentos,Alimentos,0.81,Variación mensual
2010,Noviembre,Alimentos y No alimentos,Alimentos,5.85,Variación anual
2010,Noviembre,Alimentos y No alimentos,Alimentos,4.35,Variación acumulada
2010,Diciembre,Alimentos y No alimentos,Alimentos,84.91,Índice
2010,Diciembre,Alimentos y No alimentos,Alimentos,1.01,Variación mensual
2010,Diciembre,Alimentos y No alimentos,Alimentos,5.4,Variación anual
2010,Diciembre,Alimentos y No alimentos,Alimentos,5.4,Variación acumulada
2011,Enero,Alimentos y No alimentos,Alimentos,85.94,Índice
2011,Enero,Alimentos y No alimentos,Alimentos,1.22,Variación mensual
2011,Enero,Alimentos y No alimentos,Alimentos,4.88,Variación anual
2011,Enero,Alimentos y No alimentos,Alimentos,1.22,Variación acumulada
2011,Febrero,Alimentos y No alimentos,Alimentos,86.73,Índice
2011,Febrero,Alimentos y No alimentos,Alimentos,0.93,Variación mensual
2011,Febrero,Alimentos y No alimentos,Alimentos,5.27,Variación anual
2011,Febrero,Alimentos y No alimentos,Alimentos,2.15,Variación acumulada
2011,Marzo,Alimentos y No alimentos,Alimentos,87.21,Índice
2011,Marzo,Alimentos y No alimentos,Alimentos,0.55,Variación mensual
2011,Marzo,Alimentos y No alimentos,Alimentos,5.37,Variación anual
2011,Marzo,Alimentos y No alimentos,Alimentos,2.71,Variación acumulada
2011,Abril,Alimentos y No alimentos,Alimentos,88.51,Índice
2011,Abril,Alimentos y No alimentos,Alimentos,1.49,Variación mensual
2011,Abril,Alimentos y No alimentos,Alimentos,6.03,Variación anual
2011,Abril,Alimentos y No alimentos,Alimentos,4.24,Variación acumulada
2011,Mayo,Alimentos y No alimentos,Alimentos,89.13,Índice
2011,Mayo,Alimentos y No alimentos,Alimentos,0.7,Variación mensual
2011,Mayo,Alimentos y No alimentos,Alimentos,6.96,Variación anual
2011,Mayo,Alimentos y No alimentos,Alimentos,4.98,Variación acumulada
2011,Junio,Alimentos y No alimentos,Alimentos,88.46,Índice
2011,Junio,Alimentos y No alimentos,Alimentos,-0.75,Variación mensual
2011,Junio,Alimentos y No alimentos,Alimentos,6.51,Variación anual
2011,Junio,Alimentos y No alimentos,Alimentos,4.18,Variación acumulada
2011,Julio,Alimentos y No alimentos,Alimentos,88.48,Índice
2011,Julio,Alimentos y No alimentos,Alimentos,0.02,Variación mensual
2011,Julio,Alimentos y No alimentos,Alimentos,6.68,Variación anual
2011,Julio,Alimentos y No alimentos,Alimentos,4.21,Variación acumulada
2011,Agosto,Alimentos y No alimentos,Alimentos,89.07,Índice
2011,Agosto,Alimentos y No alimentos,Alimentos,0.67,Variación mensual
2011,Agosto,Alimentos y No alimentos,Alimentos,7.28,Variación anual
2011,Agosto,Alimentos y No alimentos,Alimentos,4.91,Variación acumulada
2011,Septiembre,Alimentos y No alimentos,Alimentos,90.01,Índice
2011,Septiembre,Alimentos y No alimentos,Alimentos,1.05,Variación mensual
2011,Septiembre,Alimentos y No alimentos,Alimentos,8.57,Variación anual
2011,Septiembre,Alimentos y No alimentos,Alimentos,6.01,Variación acumulada
2011,Octubre,Alimentos y No alimentos,Alimentos,90.2,Índice
2011,Octubre,Alimentos y No alimentos,Alimentos,0.22,Variación mensual
2011,Octubre,Alimentos y No alimentos,Alimentos,8.18,Variación anual
2011,Octubre,Alimentos y No alimentos,Alimentos,6.24,Variación acumulada
2011,Noviembre,Alimentos y No alimentos,Alimentos,90.85,Índice
2011,Noviembre,Alimentos y No alimentos,Alimentos,0.72,Variación mensual
2011,Noviembre,Alimentos y No alimentos,Alimentos,8.08,Variación anual
2011,Noviembre,Alimentos y No alimentos,Alimentos,7,Variación acumulada
2011,Diciembre,Alimentos y No alimentos,Alimentos,90.71,Índice
2011,Diciembre,Alimentos y No alimentos,Alimentos,-0.16,Variación mensual
2011,Diciembre,Alimentos y No alimentos,Alimentos,6.83,Variación anual
2011,Diciembre,Alimentos y No alimentos,Alimentos,6.83,Variación acumulada
2012,Enero,Alimentos y No alimentos,Alimentos,91.14,Índice
2012,Enero,Alimentos y No alimentos,Alimentos,0.47,Variación mensual
2012,Enero,Alimentos y No alimentos,Alimentos,6.05,Variación anual
2012,Enero,Alimentos y No alimentos,Alimentos,0.47,Variación acumulada
2012,Febrero,Alimentos y No alimentos,Alimentos,92.06,Índice
2012,Febrero,Alimentos y No alimentos,Alimentos,1.01,Variación mensual
2012,Febrero,Alimentos y No alimentos,Alimentos,6.13,Variación anual
2012,Febrero,Alimentos y No alimentos,Alimentos,1.49,Variación acumulada
2012,Marzo,Alimentos y No alimentos,Alimentos,94.32,Índice
2012,Marzo,Alimentos y No alimentos,Alimentos,2.46,Variación mensual
2012,Marzo,Alimentos y No alimentos,Alimentos,8.15,Variación anual
2012,Marzo,Alimentos y No alimentos,Alimentos,3.98,Variación acumulada
2012,Abril,Alimentos y No alimentos,Alimentos,93.92,Índice
2012,Abril,Alimentos y No alimentos,Alimentos,-0.42,Variación mensual
2012,Abril,Alimentos y No alimentos,Alimentos,6.11,Variación anual
2012,Abril,Alimentos y No alimentos,Alimentos,3.54,Variación acumulada
2012,Mayo,Alimentos y No alimentos,Alimentos,93.09,Índice
2012,Mayo,Alimentos y No alimentos,Alimentos,-0.88,Variación mensual
2012,Mayo,Alimentos y No alimentos,Alimentos,4.44,Variación anual
2012,Mayo,Alimentos y No alimentos,Alimentos,2.63,Variación acumulada
2012,Junio,Alimentos y No alimentos,Alimentos,93.13,Índice
2012,Junio,Alimentos y No alimentos,Alimentos,0.04,Variación mensual
2012,Junio,Alimentos y No alimentos,Alimentos,5.28,Variación anual
2012,Junio,Alimentos y No alimentos,Alimentos,2.67,Variación acumulada
2012,Julio,Alimentos y No alimentos,Alimentos,93.43,Índice
2012,Julio,Alimentos y No alimentos,Alimentos,0.32,Variación mensual
2012,Julio,Alimentos y No alimentos,Alimentos,5.6,Variación anual
2012,Julio,Alimentos y No alimentos,Alimentos,3,Variación acumulada
2012,Agosto,Alimentos y No alimentos,Alimentos,93.85,Índice
2012,Agosto,Alimentos y No alimentos,Alimentos,0.45,Variación mensual
2012,Agosto,Alimentos y No alimentos,Alimentos,5.36,Variación anual
2012,Agosto,Alimentos y No alimentos,Alimentos,3.47,Variación acumulada
2012,Septiembre,Alimentos y No alimentos,Alimentos,95.68,Índice
2012,Septiembre,Alimentos y No alimentos,Alimentos,1.94,Variación mensual
2012,Septiembre,Alimentos y No alimentos,Alimentos,6.3,Variación anual
2012,Septiembre,Alimentos y No alimentos,Alimentos,5.48,Variación acumulada
2012,Octubre,Alimentos y No alimentos,Alimentos,95.61,Índice
2012,Octubre,Alimentos y No alimentos,Alimentos,-0.07,Variación mensual
2012,Octubre,Alimentos y No alimentos,Alimentos,6,Variación anual
2012,Octubre,Alimentos y No alimentos,Alimentos,5.41,Variación acumulada
2012,Noviembre,Alimentos y No alimentos,Alimentos,95.79,Índice
2012,Noviembre,Alimentos y No alimentos,Alimentos,0.19,Variación mensual
2012,Noviembre,Alimentos y No alimentos,Alimentos,5.43,Variación anual
2012,Noviembre,Alimentos y No alimentos,Alimentos,5.61,Variación acumulada
2012,Diciembre,Alimentos y No alimentos,Alimentos,95.21,Índice
2012,Diciembre,Alimentos y No alimentos,Alimentos,-0.6,Variación mensual
2012,Diciembre,Alimentos y No alimentos,Alimentos,4.97,Variación anual
2012,Diciembre,Alimentos y No alimentos,Alimentos,4.97,Variación acumulada
2013,Enero,Alimentos y No alimentos,Alimentos,95.74,Índice
2013,Enero,Alimentos y No alimentos,Alimentos,0.56,Variación mensual
2013,Enero,Alimentos y No alimentos,Alimentos,5.05,Variación anual
2013,Enero,Alimentos y No alimentos,Alimentos,0.56,Variación acumulada
2013,Febrero,Alimentos y No alimentos,Alimentos,95.6,Índice
2013,Febrero,Alimentos y No alimentos,Alimentos,-0.15,Variación mensual
2013,Febrero,Alimentos y No alimentos,Alimentos,3.85,Variación anual
2013,Febrero,Alimentos y No alimentos,Alimentos,0.41,Variación acumulada
2013,Marzo,Alimentos y No alimentos,Alimentos,96.34,Índice
2013,Marzo,Alimentos y No alimentos,Alimentos,0.77,Variación mensual
2013,Marzo,Alimentos y No alimentos,Alimentos,2.14,Variación anual
2013,Marzo,Alimentos y No alimentos,Alimentos,1.18,Variación acumulada
2013,Abril,Alimentos y No alimentos,Alimentos,96.16,Índice
2013,Abril,Alimentos y No alimentos,Alimentos,-0.19,Variación mensual
2013,Abril,Alimentos y No alimentos,Alimentos,2.38,Variación anual
2013,Abril,Alimentos y No alimentos,Alimentos,0.99,Variación acumulada
2013,Mayo,Alimentos y No alimentos,Alimentos,95.29,Índice
2013,Mayo,Alimentos y No alimentos,Alimentos,-0.9,Variación mensual
2013,Mayo,Alimentos y No alimentos,Alimentos,2.36,Variación anual
2013,Mayo,Alimentos y No alimentos,Alimentos,0.08,Variación acumulada
2013,Junio,Alimentos y No alimentos,Alimentos,94.68,Índice
2013,Junio,Alimentos y No alimentos,Alimentos,-0.64,Variación mensual
2013,Junio,Alimentos y No alimentos,Alimentos,1.67,Variación anual
2013,Junio,Alimentos y No alimentos,Alimentos,-0.56,Variación acumulada
2013,Julio,Alimentos y No alimentos,Alimentos,94.17,Índice
2013,Julio,Alimentos y No alimentos,Alimentos,-0.54,Variación mensual
2013,Julio,Alimentos y No alimentos,Alimentos,0.79,Variación anual
2013,Julio,Alimentos y No alimentos,Alimentos,-1.1,Variación acumulada
2013,Agosto,Alimentos y No alimentos,Alimentos,94.53,Índice
2013,Agosto,Alimentos y No alimentos,Alimentos,0.39,Variación mensual
2013,Agosto,Alimentos y No alimentos,Alimentos,0.73,Variación anual
2013,Agosto,Alimentos y No alimentos,Alimentos,-0.71,Variación acumulada
2013,Septiembre,Alimentos y No alimentos,Alimentos,95.01,Índice
2013,Septiembre,Alimentos y No alimentos,Alimentos,0.5,Variación mensual
2013,Septiembre,Alimentos y No alimentos,Alimentos,-0.69,Variación anual
2013,Septiembre,Alimentos y No alimentos,Alimentos,-0.21,Variación acumulada
2013,Octubre,Alimentos y No alimentos,Alimentos,96.01,Índice
2013,Octubre,Alimentos y No alimentos,Alimentos,1.05,Variación mensual
2013,Octubre,Alimentos y No alimentos,Alimentos,0.41,Variación anual
2013,Octubre,Alimentos y No alimentos,Alimentos,0.84,Variación acumulada
2013,Noviembre,Alimentos y No alimentos,Alimentos,96.74,Índice
2013,Noviembre,Alimentos y No alimentos,Alimentos,0.77,Variación mensual
2013,Noviembre,Alimentos y No alimentos,Alimentos,0.99,Variación anual
2013,Noviembre,Alimentos y No alimentos,Alimentos,1.61,Variación acumulada
2013,Diciembre,Alimentos y No alimentos,Alimentos,97.04,Índice
2013,Diciembre,Alimentos y No alimentos,Alimentos,0.31,Variación mensual
2013,Diciembre,Alimentos y No alimentos,Alimentos,1.92,Variación anual
2013,Diciembre,Alimentos y No alimentos,Alimentos,1.92,Variación acumulada
2014,Enero,Alimentos y No alimentos,Alimentos,98.67,Índice
2014,Enero,Alimentos y No alimentos,Alimentos,1.67,Variación mensual
2014,Enero,Alimentos y No alimentos,Alimentos,3.06,Variación anual
2014,Enero,Alimentos y No alimentos,Alimentos,1.67,Variación acumulada
2014,Febrero,Alimentos y No alimentos,Alimentos,98.3,Índice
2014,Febrero,Alimentos y No alimentos,Alimentos,-0.37,Variación mensual
2014,Febrero,Alimentos y No alimentos,Alimentos,2.83,Variación anual
2014,Febrero,Alimentos y No alimentos,Alimentos,1.3,Variación acumulada
2014,Marzo,Alimentos y No alimentos,Alimentos,99.78,Índice
2014,Marzo,Alimentos y No alimentos,Alimentos,1.5,Variación mensual
2014,Marzo,Alimentos y No alimentos,Alimentos,3.57,Variación anual
2014,Marzo,Alimentos y No alimentos,Alimentos,2.82,Variación acumulada
2014,Abril,Alimentos y No alimentos,Alimentos,100.34,Índice
2014,Abril,Alimentos y No alimentos,Alimentos,0.56,Variación mensual
2014,Abril,Alimentos y No alimentos,Alimentos,4.35,Variación anual
2014,Abril,Alimentos y No alimentos,Alimentos,3.39,Variación acumulada
2014,Mayo,Alimentos y No alimentos,Alimentos,99.4,Índice
2014,Mayo,Alimentos y No alimentos,Alimentos,-0.94,Variación mensual
2014,Mayo,Alimentos y No alimentos,Alimentos,4.31,Variación anual
2014,Mayo,Alimentos y No alimentos,Alimentos,2.43,Variación acumulada
2014,Junio,Alimentos y No alimentos,Alimentos,98.97,Índice
2014,Junio,Alimentos y No alimentos,Alimentos,-0.43,Variación mensual
2014,Junio,Alimentos y No alimentos,Alimentos,4.53,Variación anual
2014,Junio,Alimentos y No alimentos,Alimentos,1.98,Variación acumulada
2014,Julio,Alimentos y No alimentos,Alimentos,99.65,Índice
2014,Julio,Alimentos y No alimentos,Alimentos,0.69,Variación mensual
2014,Julio,Alimentos y No alimentos,Alimentos,5.83,Variación anual
2014,Julio,Alimentos y No alimentos,Alimentos,2.69,Variación acumulada
2014,Agosto,Alimentos y No alimentos,Alimentos,100.39,Índice
2014,Agosto,Alimentos y No alimentos,Alimentos,0.74,Variación mensual
2014,Agosto,Alimentos y No alimentos,Alimentos,6.19,Variación anual
2014,Agosto,Alimentos y No alimentos,Alimentos,3.44,Variación acumulada
2014,Septiembre,Alimentos y No alimentos,Alimentos,100.41,Índice
2014,Septiembre,Alimentos y No alimentos,Alimentos,0.02,Variación mensual
2014,Septiembre,Alimentos y No alimentos,Alimentos,5.68,Variación anual
2014,Septiembre,Alimentos y No alimentos,Alimentos,3.47,Variación acumulada
2014,Octubre,Alimentos y No alimentos,Alimentos,100.66,Índice
2014,Octubre,Alimentos y No alimentos,Alimentos,0.25,Variación mensual
2014,Octubre,Alimentos y No alimentos,Alimentos,4.84,Variación anual
2014,Octubre,Alimentos y No alimentos,Alimentos,3.73,Variación acumulada
2014,Noviembre,Alimentos y No alimentos,Alimentos,101.24,Índice
2014,Noviembre,Alimentos y No alimentos,Alimentos,0.58,Variación mensual
2014,Noviembre,Alimentos y No alimentos,Alimentos,4.65,Variación anual
2014,Noviembre,Alimentos y No alimentos,Alimentos,4.32,Variación acumulada
2014,Diciembre,Alimentos y No alimentos,Alimentos,101.37,Índice
2014,Diciembre,Alimentos y No alimentos,Alimentos,0.13,Variación mensual
2014,Diciembre,Alimentos y No alimentos,Alimentos,4.46,Variación anual
2014,Diciembre,Alimentos y No alimentos,Alimentos,4.46,Variación acumulada
2015,Enero,Alimentos y No alimentos,Alimentos,101.8184769,Índice
2015,Enero,Alimentos y No alimentos,Alimentos,0.44,Variación mensual
2015,Enero,Alimentos y No alimentos,Alimentos,3.19,Variación anual
2015,Enero,Alimentos y No alimentos,Alimentos,0.44,Variación acumulada
2015,Febrero,Alimentos y No alimentos,Alimentos,102.244751,Índice
2015,Febrero,Alimentos y No alimentos,Alimentos,0.42,Variación mensual
2015,Febrero,Alimentos y No alimentos,Alimentos,4.01,Variación anual
2015,Febrero,Alimentos y No alimentos,Alimentos,0.86,Variación acumulada
2015,Febrero,Alimentos y No alimentos,Alimentos,0.094529501,Incidencia mensual
2015,Marzo,Alimentos y No alimentos,Alimentos,102.7248252,Índice
2015,Marzo,Alimentos y No alimentos,Alimentos,0.47,Variación mensual
2015,Marzo,Alimentos y No alimentos,Alimentos,2.95,Variación anual
2015,Marzo,Alimentos y No alimentos,Alimentos,1.33,Variación acumulada
2015,Marzo,Alimentos y No alimentos,Alimentos,0.105812107,Incidencia mensual
2015,Abril,Alimentos y No alimentos,Alimentos,104.4020077,Índice
2015,Abril,Alimentos y No alimentos,Alimentos,1.63,Variación mensual
2015,Abril,Alimentos y No alimentos,Alimentos,4.05,Variación anual
2015,Abril,Alimentos y No alimentos,Alimentos,2.99,Variación acumulada
2015,Abril,Alimentos y No alimentos,Alimentos,0.368139321,Incidencia mensual
2015,Mayo,Alimentos y No alimentos,Alimentos,104.6372901,Índice
2015,Mayo,Alimentos y No alimentos,Alimentos,0.23,Variación mensual
2015,Mayo,Alimentos y No alimentos,Alimentos,5.27,Variación anual
2015,Mayo,Alimentos y No alimentos,Alimentos,3.22,Variación acumulada
2015,Mayo,Alimentos y No alimentos,Alimentos,0.051215381,Incidencia mensual
2015,Junio,Alimentos y No alimentos,Alimentos,105.0750702,Índice
2015,Junio,Alimentos y No alimentos,Alimentos,0.42,Variación mensual
2015,Junio,Alimentos y No alimentos,Alimentos,6.17,Variación anual
2015,Junio,Alimentos y No alimentos,Alimentos,3.65,Variación acumulada
2015,Junio,Alimentos y No alimentos,Alimentos,0.095125921,Incidencia mensual
2015,Julio,Alimentos y No alimentos,Alimentos,104.7614601,Índice
2015,Julio,Alimentos y No alimentos,Alimentos,-0.3,Variación mensual
2015,Julio,Alimentos y No alimentos,Alimentos,5.13,Variación anual
2015,Julio,Alimentos y No alimentos,Alimentos,3.34,Variación acumulada
2015,Julio,Alimentos y No alimentos,Alimentos,-0.067868239,Incidencia mensual
2015,Agosto,Alimentos y No alimentos,Alimentos,104.807107,Índice
2015,Agosto,Alimentos y No alimentos,Alimentos,0.04,Variación mensual
2015,Agosto,Alimentos y No alimentos,Alimentos,4.4,Variación anual
2015,Agosto,Alimentos y No alimentos,Alimentos,3.39,Variación acumulada
2015,Agosto,Alimentos y No alimentos,Alimentos,0.004636243,Incidencia mensual
2015,Septiembre,Alimentos y No alimentos,Alimentos,104.9633179,Índice
2015,Septiembre,Alimentos y No alimentos,Alimentos,0.15,Variación mensual
2015,Septiembre,Alimentos y No alimentos,Alimentos,4.54,Variación anual
2015,Septiembre,Alimentos y No alimentos,Alimentos,3.54,Variación acumulada
2015,Septiembre,Alimentos y No alimentos,Alimentos,0.033832864,Incidencia mensual
2015,Octubre,Alimentos y No alimentos,Alimentos,104.5574829,Índice
2015,Octubre,Alimentos y No alimentos,Alimentos,-0.39,Variación mensual
2015,Octubre,Alimentos y No alimentos,Alimentos,3.87,Variación anual
2015,Octubre,Alimentos y No alimentos,Alimentos,3.14,Variación acumulada
2015,Octubre,Alimentos y No alimentos,Alimentos,-0.087665803,Incidencia mensual
2015,Noviembre,Alimentos y No alimentos,Alimentos,104.604745,Índice
2015,Noviembre,Alimentos y No alimentos,Alimentos,0.05,Variación mensual
2015,Noviembre,Alimentos y No alimentos,Alimentos,3.32,Variación anual
2015,Noviembre,Alimentos y No alimentos,Alimentos,3.19,Variación acumulada
2015,Noviembre,Alimentos y No alimentos,Alimentos,0.010218496,Incidencia mensual
2015,Diciembre,Alimentos y No alimentos,Alimentos,105.0615756,Índice
2015,Diciembre,Alimentos y No alimentos,Alimentos,0.44,Variación mensual
2015,Diciembre,Alimentos y No alimentos,Alimentos,3.64,Variación anual
2015,Diciembre,Alimentos y No alimentos,Alimentos,3.64,Variación acumulada
2015,Diciembre,Alimentos y No alimentos,Alimentos,0.094581537,Incidencia mensual
2016,Enero,Alimentos y No alimentos,Alimentos,105.2327568,Índice
2016,Enero,Alimentos y No alimentos,Alimentos,0.16,Variación mensual
2016,Enero,Alimentos y No alimentos,Alimentos,3.35,Variación anual
2016,Enero,Alimentos y No alimentos,Alimentos,0.16,Variación acumulada
2016,Enero,Alimentos y No alimentos,Alimentos,0.036936335,Incidencia mensual
2016,Enero,Alimentos y No alimentos,Alimentos,0.757142386,Incidencia anual
2016,Febrero,Alimentos y No alimentos,Alimentos,106.0197161,Índice
2016,Febrero,Alimentos y No alimentos,Alimentos,0.75,Variación mensual
2016,Febrero,Alimentos y No alimentos,Alimentos,3.69,Variación anual
2016,Febrero,Alimentos y No alimentos,Alimentos,0.91,Variación acumulada
2016,Febrero,Alimentos y No alimentos,Alimentos,0.142910451,Incidencia mensual
2016,Febrero,Alimentos y No alimentos,Alimentos,0.832031781,Incidencia anual
2016,Marzo,Alimentos y No alimentos,Alimentos,106.6931105,Índice
2016,Marzo,Alimentos y No alimentos,Alimentos,0.64,Variación mensual
2016,Marzo,Alimentos y No alimentos,Alimentos,3.86,Variación anual
2016,Marzo,Alimentos y No alimentos,Alimentos,1.55,Variación acumulada
2016,Marzo,Alimentos y No alimentos,Alimentos,0.137398774,Incidencia mensual
2016,Marzo,Alimentos y No alimentos,Alimentos,0.871033338,Incidencia anual
2016,Abril,Alimentos y No alimentos,Alimentos,107.3596904,Índice
2016,Abril,Alimentos y No alimentos,Alimentos,0.62,Variación mensual
2016,Abril,Alimentos y No alimentos,Alimentos,2.83,Variación anual
2016,Abril,Alimentos y No alimentos,Alimentos,2.19,Variación acumulada
2016,Abril,Alimentos y No alimentos,Alimentos,0.14299472,Incidencia mensual
2016,Abril,Alimentos y No alimentos,Alimentos,0.643817133,Incidencia anual
2016,Mayo,Alimentos y No alimentos,Alimentos,107.5417359,Índice
2016,Mayo,Alimentos y No alimentos,Alimentos,0.17,Variación mensual
2016,Mayo,Alimentos y No alimentos,Alimentos,2.78,Variación anual
2016,Mayo,Alimentos y No alimentos,Alimentos,2.36,Variación acumulada
2016,Mayo,Alimentos y No alimentos,Alimentos,0.032904191,Incidencia mensual
2016,Mayo,Alimentos y No alimentos,Alimentos,0.631111493,Incidencia anual
2016,Junio,Alimentos y No alimentos,Alimentos,108.0756938,Índice
2016,Junio,Alimentos y No alimentos,Alimentos,0.5,Variación mensual
2016,Junio,Alimentos y No alimentos,Alimentos,2.86,Variación anual
2016,Junio,Alimentos y No alimentos,Alimentos,2.87,Variación acumulada
2016,Junio,Alimentos y No alimentos,Alimentos,0.114158233,Incidencia mensual
2016,Junio,Alimentos y No alimentos,Alimentos,0.649363611,Incidencia anual
2016,Julio,Alimentos y No alimentos,Alimentos,107.7752678,Índice
2016,Julio,Alimentos y No alimentos,Alimentos,-0.28,Variación mensual
2016,Julio,Alimentos y No alimentos,Alimentos,2.88,Variación anual
2016,Julio,Alimentos y No alimentos,Alimentos,2.58,Variación acumulada
2016,Julio,Alimentos y No alimentos,Alimentos,-0.064000299,Incidencia mensual
2016,Julio,Alimentos y No alimentos,Alimentos,0.652735742,Incidencia anual
2016,Agosto,Alimentos y No alimentos,Alimentos,107.2335224,Índice
2016,Agosto,Alimentos y No alimentos,Alimentos,-0.5,Variación mensual
2016,Agosto,Alimentos y No alimentos,Alimentos,2.32,Variación anual
2016,Agosto,Alimentos y No alimentos,Alimentos,2.07,Variación acumulada
2016,Agosto,Alimentos y No alimentos,Alimentos,-0.115507451,Incidencia mensual
2016,Agosto,Alimentos y No alimentos,Alimentos,0.525524148,Incidencia anual
2016,Septiembre,Alimentos y No alimentos,Alimentos,106.8784572,Índice
2016,Septiembre,Alimentos y No alimentos,Alimentos,-0.33,Variación mensual
2016,Septiembre,Alimentos y No alimentos,Alimentos,1.82,Variación anual
2016,Septiembre,Alimentos y No alimentos,Alimentos,1.73,Variación acumulada
2016,Septiembre,Alimentos y No alimentos,Alimentos,-0.018912666,Incidencia mensual
2016,Septiembre,Alimentos y No alimentos,Alimentos,0.413695711,Incidencia anual
2016,Octubre,Alimentos y No alimentos,Alimentos,106.2760325,Índice
2016,Octubre,Alimentos y No alimentos,Alimentos,-0.56,Variación mensual
2016,Octubre,Alimentos y No alimentos,Alimentos,1.64,Variación anual
2016,Octubre,Alimentos y No alimentos,Alimentos,1.16,Variación acumulada
2016,Octubre,Alimentos y No alimentos,Alimentos,-0.09447372,Incidencia mensual
2016,Octubre,Alimentos y No alimentos,Alimentos,0.371565916,Incidencia anual
2016,Noviembre,Alimentos y No alimentos,Alimentos,105.9850914,Índice
2016,Noviembre,Alimentos y No alimentos,Alimentos,-0.27,Variación mensual
2016,Noviembre,Alimentos y No alimentos,Alimentos,1.32,Variación anual
2016,Noviembre,Alimentos y No alimentos,Alimentos,0.88,Variación acumulada
2016,Noviembre,Alimentos y No alimentos,Alimentos,-0.06209041,Incidencia mensual
2016,Noviembre,Alimentos y No alimentos,Alimentos,0.298123117,Incidencia anual
2016,Diciembre,Alimentos y No alimentos,Alimentos,106.2740173,Índice
2016,Diciembre,Alimentos y No alimentos,Alimentos,0.27,Variación mensual
2016,Diciembre,Alimentos y No alimentos,Alimentos,1.15,Variación anual
2016,Diciembre,Alimentos y No alimentos,Alimentos,1.15,Variación acumulada
2016,Diciembre,Alimentos y No alimentos,Alimentos,0.061750029,Incidencia mensual
2016,Diciembre,Alimentos y No alimentos,Alimentos,0.261612576,Incidencia anual
2017,Enero,Alimentos y No alimentos,Alimentos,106.7952534,Índice
2017,Enero,Alimentos y No alimentos,Alimentos,0.49,Variación mensual
2017,Enero,Alimentos y No alimentos,Alimentos,1.48,Variación anual
2017,Enero,Alimentos y No alimentos,Alimentos,0.49,Variación acumulada
2017,Enero,Alimentos y No alimentos,Alimentos,0.091876461,Incidencia mensual
2017,Enero,Alimentos y No alimentos,Alimentos,0.336109348,Incidencia anual
2017,Febrero,Alimentos y No alimentos,Alimentos,107.2963361,Índice
2017,Febrero,Alimentos y No alimentos,Alimentos,0.47,Variación mensual
2017,Febrero,Alimentos y No alimentos,Alimentos,1.2,Variación anual
2017,Febrero,Alimentos y No alimentos,Alimentos,0.96,Variación acumulada
2017,Febrero,Alimentos y No alimentos,Alimentos,0.10682918,Incidencia mensual
2017,Febrero,Alimentos y No alimentos,Alimentos,0.274235741,Incidencia anual
2017,Marzo,Alimentos y No alimentos,Alimentos,108.0619092,Índice
2017,Marzo,Alimentos y No alimentos,Alimentos,0.71,Variación mensual
2017,Marzo,Alimentos y No alimentos,Alimentos,1.28,Variación anual
2017,Marzo,Alimentos y No alimentos,Alimentos,1.68,Variación acumulada
2017,Marzo,Alimentos y No alimentos,Alimentos,0.141069786,Incidencia mensual
2017,Marzo,Alimentos y No alimentos,Alimentos,0.293634698,Incidencia anual
2017,Abril,Alimentos y No alimentos,Alimentos,109.3309712,Índice
2017,Abril,Alimentos y No alimentos,Alimentos,1.17,Variación mensual
2017,Abril,Alimentos y No alimentos,Alimentos,1.84,Variación anual
2017,Abril,Alimentos y No alimentos,Alimentos,2.88,Variación acumulada
2017,Abril,Alimentos y No alimentos,Alimentos,0.269653223,Incidencia mensual
2017,Abril,Alimentos y No alimentos,Alimentos,0.421586665,Incidencia anual
2017,Mayo,Alimentos y No alimentos,Alimentos,108.5639086,Índice
2017,Mayo,Alimentos y No alimentos,Alimentos,-0.7,Variación mensual
2017,Mayo,Alimentos y No alimentos,Alimentos,0.95,Variación anual
2017,Mayo,Alimentos y No alimentos,Alimentos,2.15,Variación acumulada
2017,Mayo,Alimentos y No alimentos,Alimentos,-0.071136378,Incidencia mensual
2017,Mayo,Alimentos y No alimentos,Alimentos,0.218536775,Incidencia anual
2017,Junio,Alimentos y No alimentos,Alimentos,108.2146367,Índice
2017,Junio,Alimentos y No alimentos,Alimentos,-0.32,Variación mensual
2017,Junio,Alimentos y No alimentos,Alimentos,0.13,Variación anual
2017,Junio,Alimentos y No alimentos,Alimentos,1.83,Variación acumulada
2017,Junio,Alimentos y No alimentos,Alimentos,-0.07385906,Incidencia mensual
2017,Junio,Alimentos y No alimentos,Alimentos,0.029599275,Incidencia anual
2017,Julio,Alimentos y No alimentos,Alimentos,107.4248046,Índice
2017,Julio,Alimentos y No alimentos,Alimentos,-0.73,Variación mensual
2017,Julio,Alimentos y No alimentos,Alimentos,-0.33,Variación anual
2017,Julio,Alimentos y No alimentos,Alimentos,1.08,Variación acumulada
2017,Julio,Alimentos y No alimentos,Alimentos,-0.144414212,Incidencia mensual
2017,Julio,Alimentos y No alimentos,Alimentos,-0.022039764,Incidencia anual
2017,Agosto,Alimentos y No alimentos,Alimentos,107.5003022,Índice
2017,Agosto,Alimentos y No alimentos,Alimentos,0.07,Variación mensual
2017,Agosto,Alimentos y No alimentos,Alimentos,0.25,Variación anual
2017,Agosto,Alimentos y No alimentos,Alimentos,1.15,Variación acumulada
2017,Agosto,Alimentos y No alimentos,Alimentos,0.012750049,Incidencia mensual
2017,Agosto,Alimentos y No alimentos,Alimentos,0.056973932,Incidencia anual
2017,Septiembre,Alimentos y No alimentos,Alimentos,106.7521489,Índice
2017,Septiembre,Alimentos y No alimentos,Alimentos,-0.7,Variación mensual
2017,Septiembre,Alimentos y No alimentos,Alimentos,-0.12,Variación anual
2017,Septiembre,Alimentos y No alimentos,Alimentos,0.45,Variación acumulada
2017,Septiembre,Alimentos y No alimentos,Alimentos,-0.15325692,Incidencia mensual
2017,Septiembre,Alimentos y No alimentos,Alimentos,-0.026518521,Incidencia anual
2017,Octubre,Alimentos y No alimentos,Alimentos,106.2531201,Índice
2017,Octubre,Alimentos y No alimentos,Alimentos,-0.47,Variación mensual
2017,Octubre,Alimentos y No alimentos,Alimentos,-0.02,Variación anual
2017,Octubre,Alimentos y No alimentos,Alimentos,-0.02,Variación acumulada
2017,Octubre,Alimentos y No alimentos,Alimentos,-0.106439518,Incidencia mensual
2017,Octubre,Alimentos y No alimentos,Alimentos,-0.004889788,Incidencia anual
2017,Noviembre,Alimentos y No alimentos,Alimentos,105.5276032,Índice
2017,Noviembre,Alimentos y No alimentos,Alimentos,-0.68,Variación mensual
2017,Noviembre,Alimentos y No alimentos,Alimentos,-0.43,Variación anual
2017,Noviembre,Alimentos y No alimentos,Alimentos,-0.7,Variación acumulada
2017,Noviembre,Alimentos y No alimentos,Alimentos,-0.154971835,Incidencia mensual
2017,Noviembre,Alimentos y No alimentos,Alimentos,-0.09777561,Incidencia anual
2017,Diciembre,Alimentos y No alimentos,Alimentos,106.0246456,Índice
2017,Diciembre,Alimentos y No alimentos,Alimentos,0.47,Variación mensual
2017,Diciembre,Alimentos y No alimentos,Alimentos,-0.23,Variación anual
2017,Diciembre,Alimentos y No alimentos,Alimentos,-0.23,Variación acumulada
2017,Diciembre,Alimentos y No alimentos,Alimentos,0.106460567,Incidencia mensual
2017,Diciembre,Alimentos y No alimentos,Alimentos,-0.053211906,Incidencia anual
2018,Enero,Alimentos y No alimentos,Alimentos,106.1050851,Índice
2018,Enero,Alimentos y No alimentos,Alimentos,0.08,Variación mensual
2018,Enero,Alimentos y No alimentos,Alimentos,-0.65,Variación anual
2018,Enero,Alimentos y No alimentos,Alimentos,0.08,Variación acumulada
2018,Enero,Alimentos y No alimentos,Alimentos,0.017198339,Incidencia mensual
2018,Enero,Alimentos y No alimentos,Alimentos,-0.108231296,Incidencia anual
2018,Febrero,Alimentos y No alimentos,Alimentos,106.481021,Índice
2018,Febrero,Alimentos y No alimentos,Alimentos,0.35,Variación mensual
2018,Febrero,Alimentos y No alimentos,Alimentos,-0.76,Variación anual
2018,Febrero,Alimentos y No alimentos,Alimentos,0.43,Variación acumulada
2018,Febrero,Alimentos y No alimentos,Alimentos,0.080223887,Incidencia mensual
2018,Febrero,Alimentos y No alimentos,Alimentos,-0.144852102,Incidencia anual
2018,Marzo,Alimentos y No alimentos,Alimentos,107.103619,Índice
2018,Marzo,Alimentos y No alimentos,Alimentos,0.58,Variación mensual
2018,Marzo,Alimentos y No alimentos,Alimentos,-0.89,Variación anual
2018,Marzo,Alimentos y No alimentos,Alimentos,1.02,Variación acumulada
2018,Marzo,Alimentos y No alimentos,Alimentos,0.087286138,Incidencia mensual
2018,Marzo,Alimentos y No alimentos,Alimentos,-0.203619719,Incidencia anual
2018,Abril,Alimentos y No alimentos,Alimentos,105.6870968,Índice
2018,Abril,Alimentos y No alimentos,Alimentos,-1.32,Variación mensual
2018,Abril,Alimentos y No alimentos,Alimentos,-3.33,Variación anual
2018,Abril,Alimentos y No alimentos,Alimentos,-0.32,Variación acumulada
2018,Abril,Alimentos y No alimentos,Alimentos,-0.195924196,Incidencia mensual
2018,Abril,Alimentos y No alimentos,Alimentos,-0.770906606,Incidencia anual
2018,Mayo,Alimentos y No alimentos,Alimentos,105.0852114,Índice
2018,Mayo,Alimentos y No alimentos,Alimentos,-0.57,Variación mensual
2018,Mayo,Alimentos y No alimentos,Alimentos,-3.2,Variación anual
2018,Mayo,Alimentos y No alimentos,Alimentos,-0.89,Variación acumulada
2018,Mayo,Alimentos y No alimentos,Alimentos,-0.128341234,Incidencia mensual
2018,Mayo,Alimentos y No alimentos,Alimentos,-0.735625547,Incidencia anual
2018,Junio,Alimentos y No alimentos,Alimentos,104.3003045,Índice
2018,Junio,Alimentos y No alimentos,Alimentos,-0.75,Variación mensual
2018,Junio,Alimentos y No alimentos,Alimentos,-3.62,Variación anual
2018,Junio,Alimentos y No alimentos,Alimentos,-1.63,Variación acumulada
2018,Junio,Alimentos y No alimentos,Alimentos,-0.16767341,Incidencia mensual
2018,Junio,Alimentos y No alimentos,Alimentos,-0.724215352,Incidencia anual
2018,Julio,Alimentos y No alimentos,Alimentos,104.4550582,Índice
2018,Julio,Alimentos y No alimentos,Alimentos,0.15,Variación mensual
2018,Julio,Alimentos y No alimentos,Alimentos,-2.76,Variación anual
2018,Julio,Alimentos y No alimentos,Alimentos,-1.48,Variación acumulada
2018,Julio,Alimentos y No alimentos,Alimentos,0.015605588,Incidencia mensual
2018,Julio,Alimentos y No alimentos,Alimentos,-0.57756854,Incidencia anual
2018,Agosto,Alimentos y No alimentos,Alimentos,105.2502986,Índice
2018,Agosto,Alimentos y No alimentos,Alimentos,0.76,Variación mensual
2018,Agosto,Alimentos y No alimentos,Alimentos,-2.09,Variación anual
2018,Agosto,Alimentos y No alimentos,Alimentos,-0.73,Variación acumulada
2018,Agosto,Alimentos y No alimentos,Alimentos,0.170355039,Incidencia mensual
2018,Agosto,Alimentos y No alimentos,Alimentos,-0.357581991,Incidencia anual
2018,Septiembre,Alimentos y No alimentos,Alimentos,105.5767297,Índice
2018,Septiembre,Alimentos y No alimentos,Alimentos,0.31,Variación mensual
2018,Septiembre,Alimentos y No alimentos,Alimentos,-1.1,Variación anual
2018,Septiembre,Alimentos y No alimentos,Alimentos,-0.42,Variación acumulada
2018,Septiembre,Alimentos y No alimentos,Alimentos,0.069739565,Incidencia mensual
2018,Septiembre,Alimentos y No alimentos,Alimentos,-0.086198689,Incidencia anual
2018,Octubre,Alimentos y No alimentos,Alimentos,105.7664482,Índice
2018,Octubre,Alimentos y No alimentos,Alimentos,0.18,Variación mensual
2018,Octubre,Alimentos y No alimentos,Alimentos,-0.46,Variación anual
2018,Octubre,Alimentos y No alimentos,Alimentos,-0.24,Variación acumulada
2018,Octubre,Alimentos y No alimentos,Alimentos,0.012758445,Incidencia mensual
2018,Octubre,Alimentos y No alimentos,Alimentos,-0.02025469,Incidencia anual
2018,Noviembre,Alimentos y No alimentos,Alimentos,105.6091094,Índice
2018,Noviembre,Alimentos y No alimentos,Alimentos,-0.15,Variación mensual
2018,Noviembre,Alimentos y No alimentos,Alimentos,0.08,Variación anual
2018,Noviembre,Alimentos y No alimentos,Alimentos,-0.39,Variación acumulada
2018,Noviembre,Alimentos y No alimentos,Alimentos,-0.033498789,Incidencia mensual
2018,Noviembre,Alimentos y No alimentos,Alimentos,0.017457664,Incidencia anual
2018,Diciembre,Alimentos y No alimentos,Alimentos,105.3219618,Índice
2018,Diciembre,Alimentos y No alimentos,Alimentos,-0.27,Variación mensual
2018,Diciembre,Alimentos y No alimentos,Alimentos,-0.66,Variación anual
2018,Diciembre,Alimentos y No alimentos,Alimentos,-0.66,Variación acumulada
2018,Diciembre,Alimentos y No alimentos,Alimentos,-0.016940167,Incidencia mensual
2018,Diciembre,Alimentos y No alimentos,Alimentos,-0.039832981,Incidencia anual
2019,Enero,Alimentos y No alimentos,Alimentos,106.5285512,Índice
2019,Enero,Alimentos y No alimentos,Alimentos,1.15,Variación mensual
2019,Enero,Alimentos y No alimentos,Alimentos,0.4,Variación anual
2019,Enero,Alimentos y No alimentos,Alimentos,1.15,Variación acumulada
2019,Enero,Alimentos y No alimentos,Alimentos,0.257289337,Incidencia mensual
2019,Enero,Alimentos y No alimentos,Alimentos,0.090366729,Incidencia anual
2019,Febrero,Alimentos y No alimentos,Alimentos,106.3650285,Índice
2019,Febrero,Alimentos y No alimentos,Alimentos,-0.15,Variación mensual
2019,Febrero,Alimentos y No alimentos,Alimentos,-0.11,Variación anual
2019,Febrero,Alimentos y No alimentos,Alimentos,0.99,Variación acumulada
2019,Febrero,Alimentos y No alimentos,Alimentos,-0.034707516,Incidencia mensual
2019,Febrero,Alimentos y No alimentos,Alimentos,-0.002954717,Incidencia anual
2019,Marzo,Alimentos y No alimentos,Alimentos,105.9781613,Índice
2019,Marzo,Alimentos y No alimentos,Alimentos,-0.36,Variación mensual
2019,Marzo,Alimentos y No alimentos,Alimentos,-1.05,Variación anual
2019,Marzo,Alimentos y No alimentos,Alimentos,0.62,Variación acumulada
2019,Marzo,Alimentos y No alimentos,Alimentos,-0.082300919,Incidencia mensual
2019,Marzo,Alimentos y No alimentos,Alimentos,-0.159012063,Incidencia anual
2019,Abril,Alimentos y No alimentos,Alimentos,106.0357823,Índice
2019,Abril,Alimentos y No alimentos,Alimentos,0.05,Variación mensual
2019,Abril,Alimentos y No alimentos,Alimentos,0.33,Variación anual
2019,Abril,Alimentos y No alimentos,Alimentos,0.68,Variación acumulada
2019,Abril,Alimentos y No alimentos,Alimentos,0.012284084,Incidencia mensual
2019,Abril,Alimentos y No alimentos,Alimentos,0.074350885,Incidencia anual
2019,Mayo,Alimentos y No alimentos,Alimentos,105.5418113,Índice
2019,Mayo,Alimentos y No alimentos,Alimentos,-0.47,Variación mensual
2019,Mayo,Alimentos y No alimentos,Alimentos,0.43,Variación anual
2019,Mayo,Alimentos y No alimentos,Alimentos,0.21,Variación acumulada
2019,Mayo,Alimentos y No alimentos,Alimentos,-0.053637455,Incidencia mensual
2019,Mayo,Alimentos y No alimentos,Alimentos,0.097539804,Incidencia anual
2019,Junio,Alimentos y No alimentos,Alimentos,104.8885811,Índice
2019,Junio,Alimentos y No alimentos,Alimentos,-0.62,Variación mensual
2019,Junio,Alimentos y No alimentos,Alimentos,0.56,Variación anual
2019,Junio,Alimentos y No alimentos,Alimentos,-0.41,Variación acumulada
2019,Junio,Alimentos y No alimentos,Alimentos,-0.079780609,Incidencia mensual
2019,Junio,Alimentos y No alimentos,Alimentos,0.126014415,Incidencia anual
2019,Julio,Alimentos y No alimentos,Alimentos,105.4332778,Índice
2019,Julio,Alimentos y No alimentos,Alimentos,0.52,Variación mensual
2019,Julio,Alimentos y No alimentos,Alimentos,0.94,Variación anual
2019,Julio,Alimentos y No alimentos,Alimentos,0.11,Variación acumulada
2019,Julio,Alimentos y No alimentos,Alimentos,0.095650768,Incidencia mensual
2019,Julio,Alimentos y No alimentos,Alimentos,0.209552525,Incidencia anual
2019,Agosto,Alimentos y No alimentos,Alimentos,105.2203755,Índice
2019,Agosto,Alimentos y No alimentos,Alimentos,-0.2,Variación mensual
2019,Agosto,Alimentos y No alimentos,Alimentos,-0.03,Variación anual
2019,Agosto,Alimentos y No alimentos,Alimentos,-0.1,Variación acumulada
2019,Agosto,Alimentos y No alimentos,Alimentos,-0.045287166,Incidencia mensual
2019,Agosto,Alimentos y No alimentos,Alimentos,-0.000118455,Incidencia anual
2019,Septiembre,Alimentos y No alimentos,Alimentos,105.2043218,Índice
2019,Septiembre,Alimentos y No alimentos,Alimentos,-0.02,Variación mensual
2019,Septiembre,Alimentos y No alimentos,Alimentos,-0.35,Variación anual
2019,Septiembre,Alimentos y No alimentos,Alimentos,-0.11,Variación acumulada
2019,Septiembre,Alimentos y No alimentos,Alimentos,-0.00341838,Incidencia mensual
2019,Septiembre,Alimentos y No alimentos,Alimentos,-0.072084048,Incidencia anual
2019,Octubre,Alimentos y No alimentos,Alimentos,106.2958799,Índice
2019,Octubre,Alimentos y No alimentos,Alimentos,1.04,Variación mensual
2019,Octubre,Alimentos y No alimentos,Alimentos,0.5,Variación anual
2019,Octubre,Alimentos y No alimentos,Alimentos,0.92,Variación acumulada
2019,Octubre,Alimentos y No alimentos,Alimentos,0.232458861,Incidencia mensual
2019,Octubre,Alimentos y No alimentos,Alimentos,0.112720627,Incidencia anual
2019,Noviembre,Alimentos y No alimentos,Alimentos,105.14871,Índice
2019,Noviembre,Alimentos y No alimentos,Alimentos,-1.08,Variación mensual
2019,Noviembre,Alimentos y No alimentos,Alimentos,-0.44,Variación anual
2019,Noviembre,Alimentos y No alimentos,Alimentos,-0.16,Variación acumulada
2019,Noviembre,Alimentos y No alimentos,Alimentos,-0.243036427,Incidencia mensual
2019,Noviembre,Alimentos y No alimentos,Alimentos,-0.04049004,Incidencia anual
2019,Diciembre,Alimentos y No alimentos,Alimentos,104.6636975,Índice
2019,Diciembre,Alimentos y No alimentos,Alimentos,-0.46,Variación mensual
2019,Diciembre,Alimentos y No alimentos,Alimentos,-0.63,Variación anual
2019,Diciembre,Alimentos y No alimentos,Alimentos,-0.63,Variación acumulada
2019,Diciembre,Alimentos y No alimentos,Alimentos,-0.053871781,Incidencia mensual
2019,Diciembre,Alimentos y No alimentos,Alimentos,-0.091470489,Incidencia anual
2020,Enero,Alimentos y No alimentos,Alimentos,105.7520891,Índice
2020,Enero,Alimentos y No alimentos,Alimentos,1.04,Variación mensual
2020,Enero,Alimentos y No alimentos,Alimentos,-0.73,Variación anual
2020,Enero,Alimentos y No alimentos,Alimentos,1.04,Variación acumulada
2020,Enero,Alimentos y No alimentos,Alimentos,0.227127644,Incidencia mensual
2020,Enero,Alimentos y No alimentos,Alimentos,-0.164803252,Incidencia anual
2020,Febrero,Alimentos y No alimentos,Alimentos,105.2312067,Índice
2020,Febrero,Alimentos y No alimentos,Alimentos,-0.49,Variación mensual
2020,Febrero,Alimentos y No alimentos,Alimentos,-1.07,Variación anual
2020,Febrero,Alimentos y No alimentos,Alimentos,0.54,Variación acumulada
2020,Febrero,Alimentos y No alimentos,Alimentos,-0.110892203,Incidencia mensual
2020,Febrero,Alimentos y No alimentos,Alimentos,-0.228367275,Incidencia anual
2020,Marzo,Alimentos y No alimentos,Alimentos,106.3455902,Índice
2020,Marzo,Alimentos y No alimentos,Alimentos,1.06,Variación mensual
2020,Marzo,Alimentos y No alimentos,Alimentos,0.35,Variación anual
2020,Marzo,Alimentos y No alimentos,Alimentos,1.61,Variación acumulada
2020,Marzo,Alimentos y No alimentos,Alimentos,0.203250139,Incidencia mensual
2020,Marzo,Alimentos y No alimentos,Alimentos,0.078331315,Incidencia anual
2020,Abril,Alimentos y No alimentos,Alimentos,110.8841759,Índice
2020,Abril,Alimentos y No alimentos,Alimentos,4.27,Variación mensual
2020,Abril,Alimentos y No alimentos,Alimentos,4.57,Variación anual
2020,Abril,Alimentos y No alimentos,Alimentos,5.94,Variación acumulada
2020,Abril,Alimentos y No alimentos,Alimentos,0.96582043,Incidencia mensual
2020,Abril,Alimentos y No alimentos,Alimentos,1.012687422,Incidencia anual
2020,Mayo,Alimentos y No alimentos,Alimentos,109.1295957,Índice
2020,Mayo,Alimentos y No alimentos,Alimentos,-1.58,Variación mensual
2020,Mayo,Alimentos y No alimentos,Alimentos,3.4,Variación anual
2020,Mayo,Alimentos y No alimentos,Alimentos,4.27,Variación acumulada
2020,Mayo,Alimentos y No alimentos,Alimentos,-0.28508302,Incidencia mensual
2020,Mayo,Alimentos y No alimentos,Alimentos,0.754068585,Incidencia anual
2020,Junio,Alimentos y No alimentos,Alimentos,108.298457,Índice
2020,Junio,Alimentos y No alimentos,Alimentos,-0.76,Variación mensual
2020,Junio,Alimentos y No alimentos,Alimentos,3.25,Variación anual
2020,Junio,Alimentos y No alimentos,Alimentos,3.47,Variación acumulada
2020,Junio,Alimentos y No alimentos,Alimentos,-0.175568766,Incidencia mensual
2020,Junio,Alimentos y No alimentos,Alimentos,0.409628843,Incidencia anual
2020,Julio,Alimentos y No alimentos,Alimentos,106.6983449,Índice
2020,Julio,Alimentos y No alimentos,Alimentos,-1.48,Variación mensual
2020,Julio,Alimentos y No alimentos,Alimentos,1.2,Variación anual
2020,Julio,Alimentos y No alimentos,Alimentos,1.94,Variación acumulada
2020,Julio,Alimentos y No alimentos,Alimentos,-0.340113874,Incidencia mensual
2020,Julio,Alimentos y No alimentos,Alimentos,0.067211162,Incidencia anual
2020,Agosto,Alimentos y No alimentos,Alimentos,105.7224136,Índice
2020,Agosto,Alimentos y No alimentos,Alimentos,-0.91,Variación mensual
2020,Agosto,Alimentos y No alimentos,Alimentos,0.48,Variación anual
2020,Agosto,Alimentos y No alimentos,Alimentos,1.01,Variación acumulada
2020,Agosto,Alimentos y No alimentos,Alimentos,-0.208719049,Incidencia mensual
2020,Agosto,Alimentos y No alimentos,Alimentos,0.011760102,Incidencia anual
2020,Septiembre,Alimentos y No alimentos,Alimentos,104.8851158,Índice
2020,Septiembre,Alimentos y No alimentos,Alimentos,-0.79,Variación mensual
2020,Septiembre,Alimentos y No alimentos,Alimentos,-0.3,Variación anual
2020,Septiembre,Alimentos y No alimentos,Alimentos,0.21,Variación acumulada
2020,Septiembre,Alimentos y No alimentos,Alimentos,-0.159186849,Incidencia mensual
2020,Septiembre,Alimentos y No alimentos,Alimentos,-0.067978304,Incidencia anual
2020,Octubre,Alimentos y No alimentos,Alimentos,104.5234214,Índice
2020,Octubre,Alimentos y No alimentos,Alimentos,-0.34,Variación mensual
2020,Octubre,Alimentos y No alimentos,Alimentos,-1.67,Variación anual
2020,Octubre,Alimentos y No alimentos,Alimentos,-0.13,Variación acumulada
2020,Octubre,Alimentos y No alimentos,Alimentos,-0.077727335,Incidencia mensual
2020,Octubre,Alimentos y No alimentos,Alimentos,-0.375508442,Incidencia anual
2020,Noviembre,Alimentos y No alimentos,Alimentos,104.8663077,Índice
2020,Noviembre,Alimentos y No alimentos,Alimentos,0.33,Variación mensual
2020,Noviembre,Alimentos y No alimentos,Alimentos,-0.27,Variación anual
2020,Noviembre,Alimentos y No alimentos,Alimentos,0.19,Variación acumulada
2020,Noviembre,Alimentos y No alimentos,Alimentos,0.034850981,Incidencia mensual
2020,Noviembre,Alimentos y No alimentos,Alimentos,-0.060253023,Incidencia anual
2020,Diciembre,Alimentos y No alimentos,Alimentos,104.6026442,Índice
2020,Diciembre,Alimentos y No alimentos,Alimentos,-0.25,Variación mensual
2020,Diciembre,Alimentos y No alimentos,Alimentos,-0.06,Variación anual
2020,Diciembre,Alimentos y No alimentos,Alimentos,-0.06,Variación acumulada
2020,Diciembre,Alimentos y No alimentos,Alimentos,-0.037949355,Incidencia mensual
2020,Diciembre,Alimentos y No alimentos,Alimentos,-0.013027308,Incidencia anual
2021,Enero,Alimentos y No alimentos,Alimentos,104.9691426,Índice
2021,Enero,Alimentos y No alimentos,Alimentos,0.35,Variación mensual
2021,Enero,Alimentos y No alimentos,Alimentos,-0.74,Variación anual
2021,Enero,Alimentos y No alimentos,Alimentos,0.35,Variación acumulada
2021,Enero,Alimentos y No alimentos,Alimentos,0.078938536,Incidencia mensual
2021,Enero,Alimentos y No alimentos,Alimentos,-0.166683811,Incidencia anual
2021,Febrero,Alimentos y No alimentos,Alimentos,105.3349584,Índice
2021,Febrero,Alimentos y No alimentos,Alimentos,0.35,Variación mensual
2021,Febrero,Alimentos y No alimentos,Alimentos,0.1,Variación anual
2021,Febrero,Alimentos y No alimentos,Alimentos,0.7,Variación acumulada
2021,Febrero,Alimentos y No alimentos,Alimentos,0.078700114,Incidencia mensual
2021,Febrero,Alimentos y No alimentos,Alimentos,0.00057564,Incidencia anual
2021,Marzo,Alimentos y No alimentos,Alimentos,105.9182053,Índice
2021,Marzo,Alimentos y No alimentos,Alimentos,0.55,Variación mensual
2021,Marzo,Alimentos y No alimentos,Alimentos,-0.4,Variación anual
2021,Marzo,Alimentos y No alimentos,Alimentos,1.26,Variación acumulada
2021,Marzo,Alimentos y No alimentos,Alimentos,0.125371602,Incidencia mensual
2021,Marzo,Alimentos y No alimentos,Alimentos,-0.0909484,Incidencia anual
2021,Abril,Alimentos y No alimentos,Alimentos,106.0557358,Índice
2021,Abril,Alimentos y No alimentos,Alimentos,0.13,Variación mensual
2021,Abril,Alimentos y No alimentos,Alimentos,-4.35,Variación anual
2021,Abril,Alimentos y No alimentos,Alimentos,1.39,Variación acumulada
2021,Abril,Alimentos y No alimentos,Alimentos,0.029511043,Incidencia mensual
2021,Abril,Alimentos y No alimentos,Alimentos,-1.017302333,Incidencia anual
2021,Mayo,Alimentos y No alimentos,Alimentos,105.6528981,Índice
2021,Mayo,Alimentos y No alimentos,Alimentos,-0.38,Variación mensual
2021,Mayo,Alimentos y No alimentos,Alimentos,-3.19,Variación anual
2021,Mayo,Alimentos y No alimentos,Alimentos,1,Variación acumulada
2021,Mayo,Alimentos y No alimentos,Alimentos,-0.029027503,Incidencia mensual
2021,Mayo,Alimentos y No alimentos,Alimentos,-0.734413521,Incidencia anual
2021,Junio,Alimentos y No alimentos,Alimentos,104.5415752,Índice
2021,Junio,Alimentos y No alimentos,Alimentos,-1.05,Variación mensual
2021,Junio,Alimentos y No alimentos,Alimentos,-3.47,Variación anual
2021,Junio,Alimentos y No alimentos,Alimentos,-0.06,Variación acumulada
2021,Junio,Alimentos y No alimentos,Alimentos,-0.188385936,Incidencia mensual
2021,Junio,Alimentos y No alimentos,Alimentos,-0.701641626,Incidencia anual
2021,Julio,Alimentos y No alimentos,Alimentos,105.7950863,Índice
2021,Julio,Alimentos y No alimentos,Alimentos,1.2,Variación mensual
2021,Julio,Alimentos y No alimentos,Alimentos,-0.85,Variación anual
2021,Julio,Alimentos y No alimentos,Alimentos,1.14,Variación acumulada
2021,Julio,Alimentos y No alimentos,Alimentos,0.268288182,Incidencia mensual
2021,Julio,Alimentos y No alimentos,Alimentos,-0.04463319,Incidencia anual
2021,Agosto,Alimentos y No alimentos,Alimentos,105.6524248,Índice
2021,Agosto,Alimentos y No alimentos,Alimentos,-0.13,Variación mensual
2021,Agosto,Alimentos y No alimentos,Alimentos,-0.07,Variación anual
2021,Agosto,Alimentos y No alimentos,Alimentos,1,Variación acumulada
2021,Agosto,Alimentos y No alimentos,Alimentos,-0.005234833,Incidencia mensual
2021,Agosto,Alimentos y No alimentos,Alimentos,-0.000244448,Incidencia anual
2021,Septiembre,Alimentos y No alimentos,Alimentos,105.3596528,Índice
2021,Septiembre,Alimentos y No alimentos,Alimentos,-0.28,Variación mensual
2021,Septiembre,Alimentos y No alimentos,Alimentos,0.45,Variación anual
2021,Septiembre,Alimentos y No alimentos,Alimentos,0.72,Variación acumulada
2021,Septiembre,Alimentos y No alimentos,Alimentos,-0.027648302,Incidencia mensual
2021,Septiembre,Alimentos y No alimentos,Alimentos,0.101976975,Incidencia anual
2021,Octubre,Alimentos y No alimentos,Alimentos,105.5396513,Índice
2021,Octubre,Alimentos y No alimentos,Alimentos,0.17,Variación mensual
2021,Octubre,Alimentos y No alimentos,Alimentos,0.97,Variación anual
2021,Octubre,Alimentos y No alimentos,Alimentos,0.9,Variación acumulada
2021,Octubre,Alimentos y No alimentos,Alimentos,0.038273076,Incidencia mensual
2021,Octubre,Alimentos y No alimentos,Alimentos,0.218799722,Incidencia anual
2021,Noviembre,Alimentos y No alimentos,Alimentos,105.4875104,Índice
2021,Noviembre,Alimentos y No alimentos,Alimentos,-0.05,Variación mensual
2021,Noviembre,Alimentos y No alimentos,Alimentos,0.59,Variación anual
2021,Noviembre,Alimentos y No alimentos,Alimentos,0.85,Variación acumulada
2021,Noviembre,Alimentos y No alimentos,Alimentos,-0.000320716,Incidencia mensual
2021,Noviembre,Alimentos y No alimentos,Alimentos,0.133759955,Incidencia anual
2021,Diciembre,Alimentos y No alimentos,Alimentos,105.7339776,Índice
2021,Diciembre,Alimentos y No alimentos,Alimentos,0.23,Variación mensual
2021,Diciembre,Alimentos y No alimentos,Alimentos,1.08,Variación anual
2021,Diciembre,Alimentos y No alimentos,Alimentos,1.08,Variación acumulada
2021,Diciembre,Alimentos y No alimentos,Alimentos,0.052110088,Incidencia mensual
2021,Diciembre,Alimentos y No alimentos,Alimentos,0.243673124,Incidencia anual
2022,Enero,Alimentos y No alimentos,Alimentos,107.8106171,Índice
2022,Enero,Alimentos y No alimentos,Alimentos,1.96,Variación mensual
2022,Enero,Alimentos y No alimentos,Alimentos,2.71,Variación anual
2022,Enero,Alimentos y No alimentos,Alimentos,1.96,Variación acumulada
2022,Enero,Alimentos y No alimentos,Alimentos,0.438763653,Incidencia mensual
2022,Enero,Alimentos y No alimentos,Alimentos,0.611303173,Incidencia anual
2022,Febrero,Alimentos y No alimentos,Alimentos,108.1420308,Índice
2022,Febrero,Alimentos y No alimentos,Alimentos,0.31,Variación mensual
2022,Febrero,Alimentos y No alimentos,Alimentos,2.66,Variación anual
2022,Febrero,Alimentos y No alimentos,Alimentos,2.28,Variación acumulada
2022,Febrero,Alimentos y No alimentos,Alimentos,0.069521395,Incidencia mensual
2022,Febrero,Alimentos y No alimentos,Alimentos,0.603393108,Incidencia anual
2022,Marzo,Alimentos y No alimentos,Alimentos,108.2039486,Índice
2022,Marzo,Alimentos y No alimentos,Alimentos,0.06,Variación mensual
2022,Marzo,Alimentos y No alimentos,Alimentos,2.16,Variación anual
2022,Marzo,Alimentos y No alimentos,Alimentos,2.34,Variación acumulada
2022,Marzo,Alimentos y No alimentos,Alimentos,0.012958513,Incidencia mensual
2022,Marzo,Alimentos y No alimentos,Alimentos,0.490470758,Incidencia anual
2022,Abril,Alimentos y No alimentos,Alimentos,108.7186008,Índice
2022,Abril,Alimentos y No alimentos,Alimentos,0.48,Variación mensual
2022,Abril,Alimentos y No alimentos,Alimentos,2.51,Variación anual
2022,Abril,Alimentos y No alimentos,Alimentos,2.82,Variación acumulada
2022,Abril,Alimentos y No alimentos,Alimentos,0.107588379,Incidencia mensual
2022,Abril,Alimentos y No alimentos,Alimentos,0.569404565,Incidencia anual
2022,Mayo,Alimentos y No alimentos,Alimentos,109.8481668,Índice
2022,Mayo,Alimentos y No alimentos,Alimentos,1.038981324,Variación mensual
2022,Mayo,Alimentos y No alimentos,Alimentos,3.970803202,Variación anual
2022,Mayo,Alimentos y No alimentos,Alimentos,3.89107577,Variación acumulada
2022,Mayo,Alimentos y No alimentos,Alimentos,0.234742945,Incidencia mensual
2022,Mayo,Alimentos y No alimentos,Alimentos,0.8963338,Incidencia anual
2022,Junio,Alimentos y No alimentos,Alimentos,112.1407602,Índice
2022,Junio,Alimentos y No alimentos,Alimentos,2.08705661,Variación mensual
2022,Junio,Alimentos y No alimentos,Alimentos,7.269055396,Variación anual
2022,Junio,Alimentos y No alimentos,Alimentos,6.059341333,Variación acumulada
2022,Junio,Alimentos y No alimentos,Alimentos,0.473798752,Incidencia mensual
2022,Junio,Alimentos y No alimentos,Alimentos,1.626448682,Incidencia anual
2022,Julio,Alimentos y No alimentos,Alimentos,112.3300535,Índice
2022,Julio,Alimentos y No alimentos,Alimentos,0.168799748,Variación mensual
2022,Julio,Alimentos y No alimentos,Alimentos,6.177004459,Variación anual
2022,Julio,Alimentos y No alimentos,Alimentos,6.238369234,Variación acumulada
2022,Julio,Alimentos y No alimentos,Alimentos,0.038868344,Incidencia mensual
2022,Julio,Alimentos y No alimentos,Alimentos,1.391353407,Incidencia anual
2022,Agosto,Alimentos y No alimentos,Alimentos,111.9178062,Índice
2022,Agosto,Alimentos y No alimentos,Alimentos,-0.366996461,Variación mensual
2022,Agosto,Alimentos y No alimentos,Alimentos,5.930182318,Variación anual
2022,Agosto,Alimentos y No alimentos,Alimentos,5.848478179,Variación acumulada
2022,Agosto,Alimentos y No alimentos,Alimentos,-0.03614146,Incidencia mensual
2022,Agosto,Alimentos y No alimentos,Alimentos,1.332417356,Incidencia anual
2022,Septiembre,Alimentos y No alimentos,Alimentos,112.8810022,Índice
2022,Septiembre,Alimentos y No alimentos,Alimentos,0.860628028,Variación mensual
2022,Septiembre,Alimentos y No alimentos,Alimentos,7.138737805,Variación anual
2022,Septiembre,Alimentos y No alimentos,Alimentos,6.759439849,Variación acumulada
2022,Septiembre,Alimentos y No alimentos,Alimentos,0.197403978,Incidencia mensual
2022,Septiembre,Alimentos y No alimentos,Alimentos,1.599264931,Incidencia anual
2022,Octubre,Alimentos y No alimentos,Alimentos,113.3152258,Índice
2022,Octubre,Alimentos y No alimentos,Alimentos,0.38467374,Variación mensual
2022,Octubre,Alimentos y No alimentos,Alimentos,7.367443818,Variación anual
2022,Octubre,Alimentos y No alimentos,Alimentos,7.170115379,Variación acumulada
2022,Octubre,Alimentos y No alimentos,Alimentos,0.088676253,Incidencia mensual
2022,Octubre,Alimentos y No alimentos,Alimentos,1.649885726,Incidencia anual
2022,Noviembre,Alimentos y No alimentos,Alimentos,113.4711474,Índice
2022,Noviembre,Alimentos y No alimentos,Alimentos,0.137599892,Variación mensual
2022,Noviembre,Alimentos y No alimentos,Alimentos,7.568324391,Variación anual
2022,Noviembre,Alimentos y No alimentos,Alimentos,7.317581342,Variación acumulada
2022,Noviembre,Alimentos y No alimentos,Alimentos,0.014321714,Incidencia mensual
2022,Noviembre,Alimentos y No alimentos,Alimentos,1.687965325,Incidencia anual
2022,Diciembre,Alimentos y No alimentos,Alimentos,113.7657363,Índice
2022,Diciembre,Alimentos y No alimentos,Alimentos,0.259615711,Variación mensual
2022,Diciembre,Alimentos y No alimentos,Alimentos,7.596194643,Variación anual
2022,Diciembre,Alimentos y No alimentos,Alimentos,7.596194643,Variación acumulada
2022,Diciembre,Alimentos y No alimentos,Alimentos,0.060094416,Incidencia mensual
2022,Diciembre,Alimentos y No alimentos,Alimentos,1.696993507,Incidencia anual
2023,Enero,Alimentos y No alimentos,Alimentos,113.8575929,Índice
2023,Enero,Alimentos y No alimentos,Alimentos,0.080741904,Variación mensual
2023,Enero,Alimentos y No alimentos,Alimentos,5.60888713,Variación anual
2023,Enero,Alimentos y No alimentos,Alimentos,0.080741904,Variación acumulada
2023,Enero,Alimentos y No alimentos,Alimentos,0.0187087,Incidencia mensual
2023,Enero,Alimentos y No alimentos,Alimentos,1.268487864,Incidencia anual
2023,Febrero,Alimentos y No alimentos,Alimentos,113.7993445,Índice
2023,Febrero,Alimentos y No alimentos,Alimentos,-0.051158988,Variación mensual
2023,Febrero,Alimentos y No alimentos,Alimentos,5.231373727,Variación anual
2023,Febrero,Alimentos y No alimentos,Alimentos,0.029541609,Variación acumulada
2023,Febrero,Alimentos y No alimentos,Alimentos,-0.003344929,Incidencia mensual
2023,Febrero,Alimentos y No alimentos,Alimentos,1.183994834,Incidencia anual
2023,Marzo,Alimentos y No alimentos,Alimentos,114.6111938,Índice
2023,Marzo,Alimentos y No alimentos,Alimentos,0.713404139,Variación mensual
2023,Marzo,Alimentos y No alimentos,Alimentos,5.9214523,Variación anual
2023,Marzo,Alimentos y No alimentos,Alimentos,0.7431565,Variación acumulada
2023,Marzo,Alimentos y No alimentos,Alimentos,0.102787612,Incidencia mensual
2023,Marzo,Alimentos y No alimentos,Alimentos,1.339438739,Incidencia anual
2023,Abril,Alimentos y No alimentos,Alimentos,114.3709938,Índice
2023,Abril,Alimentos y No alimentos,Alimentos,-0.209578124,Variación mensual
2023,Abril,Alimentos y No alimentos,Alimentos,5.199103879,Variación anual
2023,Abril,Alimentos y No alimentos,Alimentos,0.532020883,Variación acumulada
2023,Abril,Alimentos y No alimentos,Alimentos,-0.008111439,Incidencia mensual
2023,Abril,Alimentos y No alimentos,Alimentos,1.174663036,Incidencia anual
2023,Mayo,Alimentos y No alimentos,Alimentos,114.7545435,Índice
2023,Mayo,Alimentos y No alimentos,Alimentos,0.335355753,Variación mensual
2023,Mayo,Alimentos y No alimentos,Alimentos,4.466507622,Variación anual
2023,Mayo,Alimentos y No alimentos,Alimentos,0.869160799,Variación acumulada
2023,Mayo,Alimentos y No alimentos,Alimentos,0.077806986,Incidencia mensual
2023,Mayo,Alimentos y No alimentos,Alimentos,1.013976204,Incidencia anual
2023,Junio,Alimentos y No alimentos,Alimentos,116.8307736,Índice
2023,Junio,Alimentos y No alimentos,Alimentos,1.809279239,Variación mensual
2023,Junio,Alimentos y No alimentos,Alimentos,4.182255801,Variación anual
2023,Junio,Alimentos y No alimentos,Alimentos,2.694165583,Variación acumulada
2023,Junio,Alimentos y No alimentos,Alimentos,0.378451504,Incidencia mensual
2023,Junio,Alimentos y No alimentos,Alimentos,0.963018965,Incidencia anual
2023,Julio,Alimentos y No alimentos,Alimentos,119.2064481,Índice
2023,Julio,Alimentos y No alimentos,Alimentos,2.033432089,Variación mensual
2023,Julio,Alimentos y No alimentos,Alimentos,6.121598231,Variación anual
2023,Julio,Alimentos y No alimentos,Alimentos,4.7823817,Variación acumulada
2023,Julio,Alimentos y No alimentos,Alimentos,0.479707627,Incidencia mensual
2023,Julio,Alimentos y No alimentos,Alimentos,1.409698377,Incidencia anual
2023,Agosto,Alimentos y No alimentos,Alimentos,121.0587749,Índice
2023,Agosto,Alimentos y No alimentos,Alimentos,1.553881435,Variación mensual
2023,Agosto,Alimentos y No alimentos,Alimentos,8.16757321,Variación anual
2023,Agosto,Alimentos y No alimentos,Alimentos,6.410575677,Variación acumulada
2023,Agosto,Alimentos y No alimentos,Alimentos,0.372025386,Incidencia mensual
2023,Agosto,Alimentos y No alimentos,Alimentos,1.873412662,Incidencia anual
2023,Septiembre,Alimentos y No alimentos,Alimentos,120.8127633,Índice
2023,Septiembre,Alimentos y No alimentos,Alimentos,-0.20321673,Variación mensual
2023,Septiembre,Alimentos y No alimentos,Alimentos,7.026657196,Variación anual
2023,Septiembre,Alimentos y No alimentos,Alimentos,6.194331584,Variación acumulada
2023,Septiembre,Alimentos y No alimentos,Alimentos,-0.017748318,Incidencia mensual
2023,Septiembre,Alimentos y No alimentos,Alimentos,1.619808082,Incidencia anual
2023,Octubre,Alimentos y No alimentos,Alimentos,120.0441091,Índice
2023,Octubre,Alimentos y No alimentos,Alimentos,-0.636235849,Variación mensual
2023,Octubre,Alimentos y No alimentos,Alimentos,5.938198803,Variación anual
2023,Octubre,Alimentos y No alimentos,Alimentos,5.518685177,Variación acumulada
2023,Octubre,Alimentos y No alimentos,Alimentos,-0.153547464,Incidencia mensual
2023,Octubre,Alimentos y No alimentos,Alimentos,1.37255645,Incidencia anual
2023,Noviembre,Alimentos y No alimentos,Alimentos,118.6725455,Índice
2023,Noviembre,Alimentos y No alimentos,Alimentos,-1.142549714,Variación mensual
2023,Noviembre,Alimentos y No alimentos,Alimentos,4.58389489,Variación anual
2023,Noviembre,Alimentos y No alimentos,Alimentos,4.313081741,Variación acumulada
2023,Noviembre,Alimentos y No alimentos,Alimentos,-0.274465912,Incidencia mensual
2023,Noviembre,Alimentos y No alimentos,Alimentos,1.06105477,Incidencia anual
2023,Diciembre,Alimentos y No alimentos,Alimentos,118.5838266,Índice
2023,Diciembre,Alimentos y No alimentos,Alimentos,-0.074759466,Variación mensual
2023,Diciembre,Alimentos y No alimentos,Alimentos,4.235097838,Variación anual
2023,Diciembre,Alimentos y No alimentos,Alimentos,4.235097838,Variación acumulada
2023,Diciembre,Alimentos y No alimentos,Alimentos,-0.017824858,Incidencia mensual
2023,Diciembre,Alimentos y No alimentos,Alimentos,0.981314199,Incidencia anual
2024,Enero,Alimentos y No alimentos,Alimentos,119.0333561,Índice
2024,Enero,Alimentos y No alimentos,Alimentos,0.379081695,Variación mensual
2024,Enero,Alimentos y No alimentos,Alimentos,4.545821727,Variación anual
2024,Enero,Alimentos y No alimentos,Alimentos,0.379081695,Variación acumulada
2024,Enero,Alimentos y No alimentos,Alimentos,0.090337648,Incidencia mensual
2024,Enero,Alimentos y No alimentos,Alimentos,1.052892821,Incidencia anual
2024,Febrero,Alimentos y No alimentos,Alimentos,119.6671623,Índice
2024,Febrero,Alimentos y No alimentos,Alimentos,0.532460951,Variación mensual
2024,Febrero,Alimentos y No alimentos,Alimentos,5.156284294,Variación anual
2024,Febrero,Alimentos y No alimentos,Alimentos,0.913561108,Variación acumulada
2024,Febrero,Alimentos y No alimentos,Alimentos,0.100136845,Incidencia mensual
2024,Febrero,Alimentos y No alimentos,Alimentos,1.193457646,Incidencia anual
2024,Marzo,Alimentos y No alimentos,Alimentos,119.8024979,Índice
2024,Marzo,Alimentos y No alimentos,Alimentos,0.113093384,Variación mensual
2024,Marzo,Alimentos y No alimentos,Alimentos,4.529491376,Variación anual
2024,Marzo,Alimentos y No alimentos,Alimentos,1.027687669,Variación acumulada
2024,Marzo,Alimentos y No alimentos,Alimentos,0.02713787,Incidencia mensual
2024,Marzo,Alimentos y No alimentos,Alimentos,1.055175585,Incidencia anual
2024,Abril,Alimentos y No alimentos,Alimentos,121.0624695,Índice
2024,Abril,Alimentos y No alimentos,Alimentos,1.051707233,Variación mensual
2024,Abril,Alimentos y No alimentos,Alimentos,5.850675457,Variación anual
2024,Abril,Alimentos y No alimentos,Alimentos,2.090203168,Variación acumulada
2024,Abril,Alimentos y No alimentos,Alimentos,0.251927253,Incidencia mensual
2024,Abril,Alimentos y No alimentos,Alimentos,1.357434355,Incidencia anual
2024,Mayo,Alimentos y No alimentos,Alimentos,120.2783017,Índice
2024,Mayo,Alimentos y No alimentos,Alimentos,-0.647738145,Variación mensual
2024,Mayo,Alimentos y No alimentos,Alimentos,4.813542012,Variación anual
2024,Mayo,Alimentos y No alimentos,Alimentos,1.428925979,Variación acumulada
2024,Mayo,Alimentos y No alimentos,Alimentos,-0.125858691,Incidencia mensual
2024,Mayo,Alimentos y No alimentos,Alimentos,1.119552166,Incidencia anual
2024,Junio,Alimentos y No alimentos,Alimentos,119.4983921,Índice
2024,Junio,Alimentos y No alimentos,Alimentos,-0.648420865,Variación mensual
2024,Junio,Alimentos y No alimentos,Alimentos,2.283318294,Variación anual
2024,Junio,Alimentos y No alimentos,Alimentos,0.771239661,Variación acumulada
2024,Junio,Alimentos y No alimentos,Alimentos,-0.154163848,Incidencia mensual
2024,Junio,Alimentos y No alimentos,Alimentos,0.538658364,Incidencia anual
2024,Julio,Alimentos y No alimentos,Alimentos,119.6511265,Índice
2024,Julio,Alimentos y No alimentos,Alimentos,0.127812948,Variación mensual
2024,Julio,Alimentos y No alimentos,Alimentos,0.373032173,Variación anual
2024,Julio,Alimentos y No alimentos,Alimentos,0.900038352,Variación acumulada
2024,Julio,Alimentos y No alimentos,Alimentos,0.030481041,Incidencia mensual
2024,Julio,Alimentos y No alimentos,Alimentos,0.089310185,Incidencia anual
2024,Agosto,Alimentos y No alimentos,Alimentos,120.0177497,Índice
2024,Agosto,Alimentos y No alimentos,Alimentos,0.306410145,Variación mensual
2024,Agosto,Alimentos y No alimentos,Alimentos,-0.859933758,Variación anual
2024,Agosto,Alimentos y No alimentos,Alimentos,1.209206306,Variación acumulada
2024,Agosto,Alimentos y No alimentos,Alimentos,0.072492127,Incidencia mensual
2024,Agosto,Alimentos y No alimentos,Alimentos,-0.025447845,Incidencia anual
2024,Septiembre,Alimentos y No alimentos,Alimentos,120.6813244,Índice
2024,Septiembre,Alimentos y No alimentos,Alimentos,0.552897126,Variación mensual
2024,Septiembre,Alimentos y No alimentos,Alimentos,-0.108795541,Variación anual
2024,Septiembre,Alimentos y No alimentos,Alimentos,1.768789099,Variación acumulada
2024,Septiembre,Alimentos y No alimentos,Alimentos,0.130924944,Incidencia mensual
2024,Septiembre,Alimentos y No alimentos,Alimentos,-0.000466677,Incidencia anual
2024,Octubre,Alimentos y No alimentos,Alimentos,119.8645629,Índice
2024,Octubre,Alimentos y No alimentos,Alimentos,-0.676791914,Variación mensual
2024,Octubre,Alimentos y No alimentos,Alimentos,-0.149566885,Variación anual
2024,Octubre,Alimentos y No alimentos,Alimentos,1.080026163,Variación acumulada
2024,Octubre,Alimentos y No alimentos,Alimentos,-0.160865542,Incidencia mensual
2024,Octubre,Alimentos y No alimentos,Alimentos,-0.000901277,Incidencia anual
2024,Noviembre,Alimentos y No alimentos,Alimentos,118.9801601,Índice
2024,Noviembre,Alimentos y No alimentos,Alimentos,-0.737835117,Variación mensual
2024,Noviembre,Alimentos y No alimentos,Alimentos,0.259212905,Variación anual
2024,Noviembre,Alimentos y No alimentos,Alimentos,0.334222234,Variación acumulada
2024,Noviembre,Alimentos y No alimentos,Alimentos,-0.17460393,Incidencia mensual
2024,Noviembre,Alimentos y No alimentos,Alimentos,0.061803989,Incidencia anual
2024,Diciembre,Alimentos y No alimentos,Alimentos,118.6837522,Índice
2024,Diciembre,Alimentos y No alimentos,Alimentos,-0.249123758,Variación mensual
2024,Diciembre,Alimentos y No alimentos,Alimentos,0.084265849,Variación anual
2024,Diciembre,Alimentos y No alimentos,Alimentos,0.084265849,Variación acumulada
2024,Diciembre,Alimentos y No alimentos,Alimentos,-0.05866874,Incidencia mensual
2024,Diciembre,Alimentos y No alimentos,Alimentos,0.020081103,Incidencia anual
2025,Enero,Alimentos y No alimentos,Alimentos,119.2549178,Índice
2025,Enero,Alimentos y No alimentos,Alimentos,0.481250041,Variación mensual
2025,Enero,Alimentos y No alimentos,Alimentos,0.186134124,Variación anual
2025,Enero,Alimentos y No alimentos,Alimentos,0.481250041,Variación acumulada
2025,Enero,Alimentos y No alimentos,Alimentos,0.034814216,Incidencia mensual
2025,Enero,Alimentos y No alimentos,Alimentos,0.044469388,Incidencia anual
2025,Febrero,Alimentos y No alimentos,Alimentos,119.538434,Índice
2025,Febrero,Alimentos y No alimentos,Alimentos,0.23773956,Variación mensual
2025,Febrero,Alimentos y No alimentos,Alimentos,-0.107571973,Variación anual
2025,Febrero,Alimentos y No alimentos,Alimentos,0.720133723,Variación acumulada
2025,Febrero,Alimentos y No alimentos,Alimentos,0.056758531,Incidencia mensual
2025,Febrero,Alimentos y No alimentos,Alimentos,-0.002209493,Incidencia anual
2025,Marzo,Alimentos y No alimentos,Alimentos,121.2491535,Índice
2025,Marzo,Alimentos y No alimentos,Alimentos,1.431104182,Variación mensual
2025,Marzo,Alimentos y No alimentos,Alimentos,1.207533718,Variación anual
2025,Marzo,Alimentos y No alimentos,Alimentos,2.161543769,Variación acumulada
2025,Marzo,Alimentos y No alimentos,Alimentos,0.342182862,Incidencia mensual
2025,Marzo,Alimentos y No alimentos,Alimentos,0.289254122,Incidencia anual
2025,Abril,Alimentos y No alimentos,Alimentos,120.8247564,Índice
2025,Abril,Alimentos y No alimentos,Alimentos,-0.350020623,Variación mensual
2025,Abril,Alimentos y No alimentos,Alimentos,-0.196355669,Variación anual
2025,Abril,Alimentos y No alimentos,Alimentos,1.803957297,Variación acumulada
2025,Abril,Alimentos y No alimentos,Alimentos,-0.016349541,Incidencia mensual
2025,Abril,Alimentos y No alimentos,Alimentos,-0.046932456,Incidencia anual
2025,Mayo,Alimentos y No alimentos,Alimentos,120.7511727,Índice
2025,Mayo,Alimentos y No alimentos,Alimentos,-0.060901169,Variación mensual
2025,Mayo,Alimentos y No alimentos,Alimentos,0.393147456,Variación anual
2025,Mayo,Alimentos y No alimentos,Alimentos,1.741957497,Variación acumulada
2025,Mayo,Alimentos y No alimentos,Alimentos,-0.000201295,Incidencia mensual
2025,Mayo,Alimentos y No alimentos,Alimentos,0.093471892,Incidencia anual
2025,Junio,Alimentos y No alimentos,Alimentos,120.4251041,Índice
2025,Junio,Alimentos y No alimentos,Alimentos,-0.270033512,Variación mensual
2025,Junio,Alimentos y No alimentos,Alimentos,0.775501694,Variación anual
2025,Junio,Alimentos y No alimentos,Alimentos,1.467220117,Variación acumulada
2025,Junio,Alimentos y No alimentos,Alimentos,-0.021999268,Incidencia mensual
2025,Junio,Alimentos y No alimentos,Alimentos,0.184942911,Incidencia anual
2025,Julio,Alimentos y No alimentos,Alimentos,120.9821572,Índice
2025,Julio,Alimentos y No alimentos,Alimentos,0.462572186,Variación mensual
2025,Julio,Alimentos y No alimentos,Alimentos,1.112426363,Variación anual
2025,Julio,Alimentos y No alimentos,Alimentos,1.936579255,Variación acumulada
2025,Julio,Alimentos y No alimentos,Alimentos,0.109544574,Incidencia mensual
2025,Julio,Alimentos y No alimentos,Alimentos,0.263183693,Incidencia anual
2025,Agosto,Alimentos y No alimentos,Alimentos,121.5153976,Índice
2025,Agosto,Alimentos y No alimentos,Alimentos,0.440759586,Variación mensual
2025,Agosto,Alimentos y No alimentos,Alimentos,1.247855374,Variación anual
2025,Agosto,Alimentos y No alimentos,Alimentos,2.3858745,Variación acumulada
2025,Agosto,Alimentos y No alimentos,Alimentos,0.104682228,Incidencia mensual
2025,Agosto,Alimentos y No alimentos,Alimentos,0.29548968,Incidencia anual
2025,Septiembre,Alimentos y No alimentos,Alimentos,121.4222723,Índice
2025,Septiembre,Alimentos y No alimentos,Alimentos,-0.076636613,Variación mensual
2025,Septiembre,Alimentos y No alimentos,Alimentos,0.613970695,Variación anual
2025,Septiembre,Alimentos y No alimentos,Alimentos,2.307409433,Variación acumulada
2025,Septiembre,Alimentos y No alimentos,Alimentos,-0.002760532,Incidencia mensual
2025,Septiembre,Alimentos y No alimentos,Alimentos,0.145933671,Incidencia anual
2025,Octubre,Alimentos y No alimentos,Alimentos,122.2479465,Índice
2025,Octubre,Alimentos y No alimentos,Alimentos,0.680002221,Variación mensual
2025,Octubre,Alimentos y No alimentos,Alimentos,1.988397156,Variación anual
2025,Octubre,Alimentos y No alimentos,Alimentos,3.00310209,Variación acumulada
2025,Octubre,Alimentos y No alimentos,Alimentos,0.161458974,Incidencia mensual
2025,Octubre,Alimentos y No alimentos,Alimentos,0.470541385,Incidencia anual
